onnx,onnx,layer,layer,,,,,,,,,,,,,,,,,,,,
night,night,night,night,semantic,semantic,semantic,semantic,,,,,,,,,,,,,,,,
blur,blur,blur,blur,semantic,semantic,semantic,semantic,,,,,,,,,,,,,,,,
emboss,compression,,,,,,,,,,,,,,,,,,,,,,
blur,wave,wave,wave,wave,emboss,emboss,compression,semantic,semantic,semantic,semantic,layer,layer,,,,,,,,,,
onnx,compression,,,,,,,,,,,,,,,,,,,,,,
blur,blur,blur,blur,semantic,semantic,semantic,semantic,,,,,,,,,,,,,,,,
wave,wave,wave,wave,semantic,semantic,semantic,semantic,,,,,,,,,,,,,,,,
blur,blur,layer,layer,,,,,,,,,,,,,,,,,,,,
emboss,emboss,layer,layer,,,,,,,,,,,,,,,,,,,,
blur,blur,blur,blur,semantic,semantic,semantic,semantic,,,,,,,,,,,,,,,,
emboss,emboss,layer,layer,,,,,,,,,,,,,,,,,,,,
vii,vii,layer,layer,,,,,,,,,,,,,,,,,,,,
emboss,emboss,layer,layer,,,,,,,,,,,,,,,,,,,,
onnx,onnx,vii,vii,layer,layer,layer,layer,,,,,,,,,,,,,,,,
night,night,layer,layer,,,,,,,,,,,,,,,,,,,,
muse,muse,layer,layer,,,,,,,,,,,,,,,,,,,,
vii,vii,vii,vii,semantic,semantic,semantic,semantic,,,,,,,,,,,,,,,,
vii,vii,layer,layer,,,,,,,,,,,,,,,,,,,,
vii,vii,layer,layer,,,,,,,,,,,,,,,,,,,,
blur,blur,layer,layer,,,,,,,,,,,,,,,,,,,,
blur,compression,,,,,,,,,,,,,,,,,,,,,,
emboss,emboss,layer,layer,,,,,,,,,,,,,,,,,,,,
emboss,emboss,emboss,emboss,semantic,semantic,semantic,semantic,,,,,,,,,,,,,,,,
night,muse,muse,muse,muse,compression,semantic,semantic,semantic,semantic,,,,,,,,,,,,,,
night,night,night,night,semantic,semantic,semantic,semantic,,,,,,,,,,,,,,,,
vii,vii,vii,vii,semantic,semantic,semantic,semantic,,,,,,,,,,,,,,,,
vii,compression,,,,,,,,,,,,,,,,,,,,,,
onnx,onnx,onnx,onnx,semantic,semantic,semantic,semantic,,,,,,,,,,,,,,,,
night,night,night,night,semantic,semantic,semantic,semantic,,,,,,,,,,,,,,,,
night,night,layer,layer,,,,,,,,,,,,,,,,,,,,
wave,wave,layer,layer,,,,,,,,,,,,,,,,,,,,
muse,muse,layer,layer,,,,,,,,,,,,,,,,,,,,
vii,vii,layer,layer,,,,,,,,,,,,,,,,,,,,
muse,muse,muse,muse,semantic,semantic,semantic,semantic,,,,,,,,,,,,,,,,
muse,muse,wave,wave,layer,layer,layer,layer,,,,,,,,,,,,,,,,
onnx,compression,,,,,,,,,,,,,,,,,,,,,,
wave,compression,,,,,,,,,,,,,,,,,,,,,,
blur,blur,blur,blur,semantic,semantic,semantic,semantic,,,,,,,,,,,,,,,,
onnx,compression,,,,,,,,,,,,,,,,,,,,,,
night,night,night,night,semantic,semantic,semantic,semantic,,,,,,,,,,,,,,,,
wave,wave,layer,layer,,,,,,,,,,,,,,,,,,,,
muse,muse,layer,layer,,,,,,,,,,,,,,,,,,,,
night,compression,,,,,,,,,,,,,,,,,,,,,,
emboss,emboss,layer,layer,,,,,,,,,,,,,,,,,,,,
night,night,layer,layer,,,,,,,,,,,,,,,,,,,,
wave,wave,wave,wave,semantic,semantic,semantic,semantic,,,,,,,,,,,,,,,,
emboss,compression,,,,,,,,,,,,,,,,,,,,,,
muse,compression,,,,,,,,,,,,,,,,,,,,,,
night,night,layer,layer,,,,,,,,,,,,,,,,,,,,
emboss,emboss,emboss,emboss,semantic,semantic,semantic,semantic,,,,,,,,,,,,,,,,
night,compression,,,,,,,,,,,,,,,,,,,,,,
wave,wave,wave,wave,semantic,semantic,semantic,semantic,,,,,,,,,,,,,,,,
muse,muse,layer,layer,,,,,,,,,,,,,,,,,,,,
vii,vii,vii,vii,semantic,semantic,semantic,semantic,,,,,,,,,,,,,,,,
wave,compression,,,,,,,,,,,,,,,,,,,,,,
wave,wave,wave,wave,semantic,semantic,semantic,semantic,,,,,,,,,,,,,,,,
vii,vii,vii,vii,semantic,semantic,semantic,semantic,,,,,,,,,,,,,,,,
blur,blur,blur,blur,semantic,semantic,semantic,semantic,,,,,,,,,,,,,,,,
emboss,emboss,emboss,emboss,semantic,semantic,semantic,semantic,,,,,,,,,,,,,,,,
wave,wave,muse,muse,muse,muse,layer,layer,semantic,semantic,semantic,semantic,,,,,,,,,,,,
muse,muse,muse,muse,semantic,semantic,semantic,semantic,,,,,,,,,,,,,,,,
night,night,night,night,semantic,semantic,semantic,semantic,,,,,,,,,,,,,,,,
night,night,layer,layer,,,,,,,,,,,,,,,,,,,,
vii,compression,,,,,,,,,,,,,,,,,,,,,,
muse,compression,,,,,,,,,,,,,,,,,,,,,,
blur,blur,blur,blur,semantic,semantic,semantic,semantic,,,,,,,,,,,,,,,,
muse,muse,muse,muse,semantic,semantic,semantic,semantic,,,,,,,,,,,,,,,,
vii,vii,layer,layer,,,,,,,,,,,,,,,,,,,,
emboss,emboss,layer,layer,,,,,,,,,,,,,,,,,,,,
onnx,onnx,onnx,onnx,semantic,semantic,semantic,semantic,,,,,,,,,,,,,,,,
vii,vii,layer,layer,,,,,,,,,,,,,,,,,,,,
emboss,emboss,emboss,emboss,semantic,semantic,semantic,semantic,,,,,,,,,,,,,,,,
blur,blur,layer,layer,,,,,,,,,,,,,,,,,,,,
blur,blur,layer,layer,,,,,,,,,,,,,,,,,,,,
wave,wave,wave,wave,semantic,semantic,semantic,semantic,,,,,,,,,,,,,,,,
blur,blur,layer,layer,,,,,,,,,,,,,,,,,,,,
vii,vii,vii,vii,semantic,semantic,semantic,semantic,,,,,,,,,,,,,,,,
wave,muse,muse,muse,muse,compression,semantic,semantic,semantic,semantic,,,,,,,,,,,,,,
vii,vii,layer,layer,,,,,,,,,,,,,,,,,,,,
muse,compression,,,,,,,,,,,,,,,,,,,,,,
night,night,night,night,semantic,semantic,semantic,semantic,,,,,,,,,,,,,,,,
wave,wave,layer,layer,,,,,,,,,,,,,,,,,,,,
emboss,emboss,emboss,emboss,semantic,semantic,semantic,semantic,,,,,,,,,,,,,,,,
vii,vii,layer,layer,,,,,,,,,,,,,,,,,,,,
muse,muse,layer,layer,,,,,,,,,,,,,,,,,,,,
muse,muse,layer,layer,,,,,,,,,,,,,,,,,,,,
onnx,compression,,,,,,,,,,,,,,,,,,,,,,
onnx,onnx,onnx,onnx,semantic,semantic,semantic,semantic,,,,,,,,,,,,,,,,
emboss,emboss,emboss,emboss,semantic,semantic,semantic,semantic,,,,,,,,,,,,,,,,
emboss,emboss,emboss,emboss,semantic,semantic,semantic,semantic,,,,,,,,,,,,,,,,
vii,vii,vii,vii,semantic,semantic,semantic,semantic,,,,,,,,,,,,,,,,
blur,blur,blur,blur,semantic,semantic,semantic,semantic,,,,,,,,,,,,,,,,
wave,wave,wave,wave,semantic,semantic,semantic,semantic,,,,,,,,,,,,,,,,
vii,compression,,,,,,,,,,,,,,,,,,,,,,
muse,muse,layer,layer,,,,,,,,,,,,,,,,,,,,
muse,muse,muse,muse,blur,blur,muse,muse,muse,muse,semantic,semantic,semantic,semantic,layer,layer,semantic,semantic,semantic,semantic,,,,
onnx,onnx,layer,layer,,,,,,,,,,,,,,,,,,,,
muse,muse,layer,layer,,,,,,,,,,,,,,,,,,,,
onnx,onnx,layer,layer,,,,,,,,,,,,,,,,,,,,
blur,blur,layer,layer,,,,,,,,,,,,,,,,,,,,
muse,muse,layer,layer,,,,,,,,,,,,,,,,,,,,
wave,wave,layer,layer,,,,,,,,,,,,,,,,,,,,
muse,muse,layer,layer,,,,,,,,,,,,,,,,,,,,
onnx,onnx,onnx,onnx,night,night,night,night,blur,blur,blur,blur,semantic,semantic,semantic,semantic,semantic,semantic,semantic,semantic,semantic,semantic,semantic,semantic
muse,muse,layer,layer,,,,,,,,,,,,,,,,,,,,
blur,blur,layer,layer,,,,,,,,,,,,,,,,,,,,
vii,compression,,,,,,,,,,,,,,,,,,,,,,
vii,vii,vii,vii,semantic,semantic,semantic,semantic,,,,,,,,,,,,,,,,
night,night,layer,layer,,,,,,,,,,,,,,,,,,,,
wave,wave,wave,wave,semantic,semantic,semantic,semantic,,,,,,,,,,,,,,,,
onnx,compression,,,,,,,,,,,,,,,,,,,,,,
vii,vii,vii,vii,semantic,semantic,semantic,semantic,,,,,,,,,,,,,,,,
wave,wave,layer,layer,,,,,,,,,,,,,,,,,,,,
muse,compression,,,,,,,,,,,,,,,,,,,,,,
emboss,emboss,emboss,emboss,semantic,semantic,semantic,semantic,,,,,,,,,,,,,,,,
onnx,compression,,,,,,,,,,,,,,,,,,,,,,
blur,blur,blur,compression,layer,layer,,,,,,,,,,,,,,,,,,
onnx,onnx,layer,layer,,,,,,,,,,,,,,,,,,,,
emboss,emboss,layer,layer,,,,,,,,,,,,,,,,,,,,
muse,muse,layer,layer,,,,,,,,,,,,,,,,,,,,
night,night,night,night,semantic,semantic,semantic,semantic,,,,,,,,,,,,,,,,
vii,vii,vii,vii,semantic,semantic,semantic,semantic,,,,,,,,,,,,,,,,
blur,blur,layer,layer,,,,,,,,,,,,,,,,,,,,
vii,compression,,,,,,,,,,,,,,,,,,,,,,
muse,muse,muse,muse,semantic,semantic,semantic,semantic,,,,,,,,,,,,,,,,
emboss,compression,,,,,,,,,,,,,,,,,,,,,,
muse,onnx,onnx,compression,layer,layer,,,,,,,,,,,,,,,,,,
blur,blur,layer,layer,,,,,,,,,,,,,,,,,,,,
onnx,onnx,layer,layer,,,,,,,,,,,,,,,,,,,,
onnx,muse,muse,muse,muse,compression,semantic,semantic,semantic,semantic,,,,,,,,,,,,,,
wave,wave,layer,layer,,,,,,,,,,,,,,,,,,,,
muse,muse,layer,layer,,,,,,,,,,,,,,,,,,,,
blur,blur,layer,layer,,,,,,,,,,,,,,,,,,,,
emboss,emboss,layer,layer,,,,,,,,,,,,,,,,,,,,
blur,compression,,,,,,,,,,,,,,,,,,,,,,
onnx,onnx,layer,layer,,,,,,,,,,,,,,,,,,,,
vii,vii,layer,layer,,,,,,,,,,,,,,,,,,,,
emboss,emboss,layer,layer,,,,,,,,,,,,,,,,,,,,
muse,muse,layer,layer,,,,,,,,,,,,,,,,,,,,
vii,vii,layer,layer,,,,,,,,,,,,,,,,,,,,
onnx,compression,,,,,,,,,,,,,,,,,,,,,,
vii,vii,layer,layer,,,,,,,,,,,,,,,,,,,,
wave,compression,,,,,,,,,,,,,,,,,,,,,,
blur,compression,,,,,,,,,,,,,,,,,,,,,,
muse,compression,,,,,,,,,,,,,,,,,,,,,,
muse,muse,muse,muse,semantic,semantic,semantic,semantic,,,,,,,,,,,,,,,,
vii,compression,,,,,,,,,,,,,,,,,,,,,,
blur,blur,layer,layer,,,,,,,,,,,,,,,,,,,,
emboss,emboss,layer,layer,,,,,,,,,,,,,,,,,,,,
wave,compression,,,,,,,,,,,,,,,,,,,,,,
emboss,emboss,layer,layer,,,,,,,,,,,,,,,,,,,,
vii,vii,layer,layer,,,,,,,,,,,,,,,,,,,,
onnx,onnx,layer,layer,,,,,,,,,,,,,,,,,,,,
onnx,onnx,layer,layer,,,,,,,,,,,,,,,,,,,,
onnx,onnx,onnx,onnx,semantic,semantic,semantic,semantic,,,,,,,,,,,,,,,,
emboss,compression,,,,,,,,,,,,,,,,,,,,,,
night,night,night,night,emboss,emboss,semantic,semantic,semantic,semantic,layer,layer,,,,,,,,,,,,
night,night,layer,layer,,,,,,,,,,,,,,,,,,,,
night,compression,,,,,,,,,,,,,,,,,,,,,,
onnx,onnx,onnx,onnx,semantic,semantic,semantic,semantic,,,,,,,,,,,,,,,,
emboss,emboss,emboss,emboss,semantic,semantic,semantic,semantic,,,,,,,,,,,,,,,,
night,night,night,night,semantic,semantic,semantic,semantic,,,,,,,,,,,,,,,,
vii,vii,vii,vii,semantic,semantic,semantic,semantic,,,,,,,,,,,,,,,,
muse,muse,layer,layer,,,,,,,,,,,,,,,,,,,,
muse,muse,layer,layer,,,,,,,,,,,,,,,,,,,,
muse,muse,layer,layer,,,,,,,,,,,,,,,,,,,,
vii,compression,,,,,,,,,,,,,,,,,,,,,,
vii,compression,,,,,,,,,,,,,,,,,,,,,,
muse,muse,layer,layer,,,,,,,,,,,,,,,,,,,,
onnx,onnx,onnx,onnx,semantic,semantic,semantic,semantic,,,,,,,,,,,,,,,,
wave,wave,wave,wave,semantic,semantic,semantic,semantic,,,,,,,,,,,,,,,,
onnx,onnx,layer,layer,,,,,,,,,,,,,,,,,,,,
night,night,night,night,semantic,semantic,semantic,semantic,,,,,,,,,,,,,,,,
emboss,compression,,,,,,,,,,,,,,,,,,,,,,
blur,compression,,,,,,,,,,,,,,,,,,,,,,
vii,vii,layer,layer,,,,,,,,,,,,,,,,,,,,
muse,muse,layer,layer,,,,,,,,,,,,,,,,,,,,
vii,compression,,,,,,,,,,,,,,,,,,,,,,
emboss,emboss,layer,layer,,,,,,,,,,,,,,,,,,,,
vii,vii,layer,layer,,,,,,,,,,,,,,,,,,,,
night,night,night,night,semantic,semantic,semantic,semantic,,,,,,,,,,,,,,,,
blur,blur,layer,layer,,,,,,,,,,,,,,,,,,,,
vii,vii,layer,layer,,,,,,,,,,,,,,,,,,,,
wave,wave,layer,layer,,,,,,,,,,,,,,,,,,,,
night,night,layer,layer,,,,,,,,,,,,,,,,,,,,
blur,blur,layer,layer,,,,,,,,,,,,,,,,,,,,
onnx,onnx,onnx,onnx,semantic,semantic,semantic,semantic,,,,,,,,,,,,,,,,
onnx,onnx,onnx,onnx,onnx,onnx,onnx,onnx,semantic,semantic,semantic,semantic,semantic,semantic,semantic,semantic,,,,,,,,
muse,muse,muse,muse,semantic,semantic,semantic,semantic,,,,,,,,,,,,,,,,
vii,vii,layer,layer,,,,,,,,,,,,,,,,,,,,
blur,blur,blur,blur,semantic,semantic,semantic,semantic,,,,,,,,,,,,,,,,
vii,vii,vii,vii,semantic,semantic,semantic,semantic,,,,,,,,,,,,,,,,
emboss,emboss,emboss,emboss,semantic,semantic,semantic,semantic,,,,,,,,,,,,,,,,
night,compression,,,,,,,,,,,,,,,,,,,,,,
wave,wave,layer,layer,,,,,,,,,,,,,,,,,,,,
wave,wave,layer,layer,,,,,,,,,,,,,,,,,,,,
vii,vii,layer,layer,,,,,,,,,,,,,,,,,,,,
onnx,compression,,,,,,,,,,,,,,,,,,,,,,
vii,compression,,,,,,,,,,,,,,,,,,,,,,
onnx,compression,,,,,,,,,,,,,,,,,,,,,,
emboss,emboss,emboss,emboss,semantic,semantic,semantic,semantic,,,,,,,,,,,,,,,,
vii,vii,vii,vii,semantic,semantic,semantic,semantic,,,,,,,,,,,,,,,,
muse,muse,layer,layer,,,,,,,,,,,,,,,,,,,,
emboss,emboss,layer,layer,,,,,,,,,,,,,,,,,,,,
vii,vii,layer,layer,,,,,,,,,,,,,,,,,,,,
emboss,emboss,layer,layer,,,,,,,,,,,,,,,,,,,,
onnx,compression,,,,,,,,,,,,,,,,,,,,,,
wave,wave,wave,wave,semantic,semantic,semantic,semantic,,,,,,,,,,,,,,,,
wave,wave,wave,wave,semantic,semantic,semantic,semantic,,,,,,,,,,,,,,,,
vii,vii,vii,vii,semantic,semantic,semantic,semantic,,,,,,,,,,,,,,,,
blur,compression,,,,,,,,,,,,,,,,,,,,,,
vii,vii,layer,layer,,,,,,,,,,,,,,,,,,,,
night,compression,,,,,,,,,,,,,,,,,,,,,,
blur,compression,,,,,,,,,,,,,,,,,,,,,,
night,night,night,night,vii,vii,blur,blur,blur,blur,semantic,semantic,semantic,semantic,layer,layer,semantic,semantic,semantic,semantic,,,,
wave,wave,layer,layer,,,,,,,,,,,,,,,,,,,,
blur,blur,layer,layer,,,,,,,,,,,,,,,,,,,,
onnx,onnx,onnx,onnx,semantic,semantic,semantic,semantic,,,,,,,,,,,,,,,,
onnx,onnx,layer,layer,,,,,,,,,,,,,,,,,,,,
wave,wave,wave,wave,semantic,semantic,semantic,semantic,,,,,,,,,,,,,,,,
wave,wave,layer,layer,,,,,,,,,,,,,,,,,,,,
emboss,emboss,layer,layer,,,,,,,,,,,,,,,,,,,,
muse,muse,layer,layer,,,,,,,,,,,,,,,,,,,,
muse,muse,layer,layer,,,,,,,,,,,,,,,,,,,,
muse,compression,,,,,,,,,,,,,,,,,,,,,,
vii,vii,vii,vii,semantic,semantic,semantic,semantic,,,,,,,,,,,,,,,,
vii,vii,vii,vii,semantic,semantic,semantic,semantic,,,,,,,,,,,,,,,,
muse,muse,layer,layer,,,,,,,,,,,,,,,,,,,,
night,night,night,night,semantic,semantic,semantic,semantic,,,,,,,,,,,,,,,,
muse,compression,,,,,,,,,,,,,,,,,,,,,,
emboss,emboss,layer,layer,,,,,,,,,,,,,,,,,,,,
blur,compression,,,,,,,,,,,,,,,,,,,,,,
emboss,emboss,layer,layer,,,,,,,,,,,,,,,,,,,,
onnx,onnx,emboss,emboss,layer,layer,layer,layer,,,,,,,,,,,,,,,,
wave,compression,,,,,,,,,,,,,,,,,,,,,,
onnx,onnx,onnx,onnx,semantic,semantic,semantic,semantic,,,,,,,,,,,,,,,,
emboss,emboss,emboss,emboss,semantic,semantic,semantic,semantic,,,,,,,,,,,,,,,,
wave,wave,layer,layer,,,,,,,,,,,,,,,,,,,,
emboss,emboss,emboss,emboss,semantic,semantic,semantic,semantic,,,,,,,,,,,,,,,,
onnx,compression,,,,,,,,,,,,,,,,,,,,,,
night,night,layer,layer,,,,,,,,,,,,,,,,,,,,
emboss,emboss,emboss,emboss,semantic,semantic,semantic,semantic,,,,,,,,,,,,,,,,
night,compression,,,,,,,,,,,,,,,,,,,,,,
muse,muse,muse,muse,semantic,semantic,semantic,semantic,,,,,,,,,,,,,,,,
onnx,vii,vii,compression,layer,layer,,,,,,,,,,,,,,,,,,
emboss,compression,,,,,,,,,,,,,,,,,,,,,,
emboss,emboss,emboss,emboss,semantic,semantic,semantic,semantic,,,,,,,,,,,,,,,,
vii,compression,,,,,,,,,,,,,,,,,,,,,,
blur,compression,,,,,,,,,,,,,,,,,,,,,,
onnx,onnx,wave,wave,wave,wave,layer,layer,semantic,semantic,semantic,semantic,,,,,,,,,,,,
vii,vii,vii,vii,semantic,semantic,semantic,semantic,,,,,,,,,,,,,,,,
onnx,onnx,onnx,onnx,semantic,semantic,semantic,semantic,,,,,,,,,,,,,,,,
night,night,night,night,semantic,semantic,semantic,semantic,,,,,,,,,,,,,,,,
muse,muse,muse,muse,semantic,semantic,semantic,semantic,,,,,,,,,,,,,,,,
night,night,layer,layer,,,,,,,,,,,,,,,,,,,,
onnx,onnx,onnx,onnx,semantic,semantic,semantic,semantic,,,,,,,,,,,,,,,,
blur,blur,layer,layer,,,,,,,,,,,,,,,,,,,,
night,night,layer,layer,,,,,,,,,,,,,,,,,,,,
emboss,emboss,layer,layer,,,,,,,,,,,,,,,,,,,,
wave,wave,layer,layer,,,,,,,,,,,,,,,,,,,,
muse,muse,muse,muse,onnx,onnx,muse,muse,muse,muse,semantic,semantic,semantic,semantic,layer,layer,semantic,semantic,semantic,semantic,,,,
night,night,night,night,semantic,semantic,semantic,semantic,,,,,,,,,,,,,,,,
onnx,wave,wave,wave,wave,night,night,night,night,onnx,onnx,compression,semantic,semantic,semantic,semantic,semantic,semantic,semantic,semantic,layer,layer,,
emboss,emboss,layer,layer,,,,,,,,,,,,,,,,,,,,
vii,vii,layer,layer,,,,,,,,,,,,,,,,,,,,
muse,muse,muse,muse,semantic,semantic,semantic,semantic,,,,,,,,,,,,,,,,
blur,compression,,,,,,,,,,,,,,,,,,,,,,
onnx,onnx,onnx,onnx,semantic,semantic,semantic,semantic,,,,,,,,,,,,,,,,
onnx,onnx,layer,layer,,,,,,,,,,,,,,,,,,,,
vii,vii,vii,vii,semantic,semantic,semantic,semantic,,,,,,,,,,,,,,,,
vii,vii,layer,layer,,,,,,,,,,,,,,,,,,,,
onnx,onnx,layer,layer,,,,,,,,,,,,,,,,,,,,
vii,vii,vii,vii,semantic,semantic,semantic,semantic,,,,,,,,,,,,,,,,
wave,wave,wave,wave,semantic,semantic,semantic,semantic,,,,,,,,,,,,,,,,
night,night,layer,layer,,,,,,,,,,,,,,,,,,,,
onnx,compression,,,,,,,,,,,,,,,,,,,,,,
onnx,onnx,onnx,onnx,semantic,semantic,semantic,semantic,,,,,,,,,,,,,,,,
wave,compression,,,,,,,,,,,,,,,,,,,,,,
vii,vii,layer,layer,,,,,,,,,,,,,,,,,,,,
muse,compression,,,,,,,,,,,,,,,,,,,,,,
onnx,onnx,onnx,onnx,semantic,semantic,semantic,semantic,,,,,,,,,,,,,,,,
blur,compression,,,,,,,,,,,,,,,,,,,,,,
blur,blur,blur,blur,semantic,semantic,semantic,semantic,,,,,,,,,,,,,,,,
vii,vii,layer,layer,,,,,,,,,,,,,,,,,,,,
emboss,emboss,emboss,emboss,night,night,night,night,semantic,semantic,semantic,semantic,semantic,semantic,semantic,semantic,,,,,,,,
onnx,onnx,layer,layer,,,,,,,,,,,,,,,,,,,,
muse,muse,muse,muse,semantic,semantic,semantic,semantic,,,,,,,,,,,,,,,,
night,night,night,night,semantic,semantic,semantic,semantic,,,,,,,,,,,,,,,,
blur,blur,blur,blur,semantic,semantic,semantic,semantic,,,,,,,,,,,,,,,,
vii,vii,layer,layer,,,,,,,,,,,,,,,,,,,,
muse,muse,muse,muse,semantic,semantic,semantic,semantic,,,,,,,,,,,,,,,,
vii,vii,vii,vii,semantic,semantic,semantic,semantic,,,,,,,,,,,,,,,,
night,night,layer,layer,,,,,,,,,,,,,,,,,,,,
onnx,onnx,onnx,onnx,semantic,semantic,semantic,semantic,,,,,,,,,,,,,,,,
vii,vii,vii,vii,semantic,semantic,semantic,semantic,,,,,,,,,,,,,,,,
muse,muse,muse,muse,semantic,semantic,semantic,semantic,,,,,,,,,,,,,,,,
wave,wave,wave,wave,semantic,semantic,semantic,semantic,,,,,,,,,,,,,,,,
blur,blur,blur,blur,semantic,semantic,semantic,semantic,,,,,,,,,,,,,,,,
blur,compression,,,,,,,,,,,,,,,,,,,,,,
blur,blur,layer,layer,,,,,,,,,,,,,,,,,,,,
emboss,emboss,emboss,emboss,semantic,semantic,semantic,semantic,,,,,,,,,,,,,,,,
vii,vii,layer,layer,,,,,,,,,,,,,,,,,,,,
night,compression,,,,,,,,,,,,,,,,,,,,,,
wave,wave,layer,layer,,,,,,,,,,,,,,,,,,,,
onnx,onnx,onnx,onnx,semantic,semantic,semantic,semantic,,,,,,,,,,,,,,,,
wave,wave,layer,layer,,,,,,,,,,,,,,,,,,,,
muse,muse,blur,blur,blur,blur,onnx,onnx,layer,layer,semantic,semantic,semantic,semantic,layer,layer,,,,,,,,
wave,wave,wave,wave,semantic,semantic,semantic,semantic,,,,,,,,,,,,,,,,
night,night,night,night,semantic,semantic,semantic,semantic,,,,,,,,,,,,,,,,
blur,blur,blur,blur,semantic,semantic,semantic,semantic,,,,,,,,,,,,,,,,
vii,vii,vii,vii,semantic,semantic,semantic,semantic,,,,,,,,,,,,,,,,
wave,wave,wave,wave,semantic,semantic,semantic,semantic,,,,,,,,,,,,,,,,
wave,wave,wave,wave,semantic,semantic,semantic,semantic,,,,,,,,,,,,,,,,
onnx,onnx,onnx,onnx,semantic,semantic,semantic,semantic,,,,,,,,,,,,,,,,
muse,muse,muse,muse,semantic,semantic,semantic,semantic,,,,,,,,,,,,,,,,
vii,vii,vii,vii,semantic,semantic,semantic,semantic,,,,,,,,,,,,,,,,
vii,vii,emboss,emboss,emboss,emboss,onnx,onnx,layer,layer,semantic,semantic,semantic,semantic,layer,layer,,,,,,,,
blur,blur,onnx,onnx,layer,layer,layer,layer,,,,,,,,,,,,,,,,
onnx,onnx,layer,layer,,,,,,,,,,,,,,,,,,,,
onnx,onnx,layer,layer,,,,,,,,,,,,,,,,,,,,
emboss,emboss,emboss,emboss,semantic,semantic,semantic,semantic,,,,,,,,,,,,,,,,
onnx,onnx,layer,layer,,,,,,,,,,,,,,,,,,,,
onnx,onnx,layer,layer,,,,,,,,,,,,,,,,,,,,
night,night,night,night,semantic,semantic,semantic,semantic,,,,,,,,,,,,,,,,
emboss,emboss,emboss,emboss,semantic,semantic,semantic,semantic,,,,,,,,,,,,,,,,
blur,blur,layer,layer,,,,,,,,,,,,,,,,,,,,
blur,blur,blur,blur,semantic,semantic,semantic,semantic,,,,,,,,,,,,,,,,
night,night,night,night,semantic,semantic,semantic,semantic,,,,,,,,,,,,,,,,
onnx,onnx,onnx,onnx,semantic,semantic,semantic,semantic,,,,,,,,,,,,,,,,
emboss,emboss,emboss,emboss,semantic,semantic,semantic,semantic,,,,,,,,,,,,,,,,
night,night,night,night,semantic,semantic,semantic,semantic,,,,,,,,,,,,,,,,
night,night,layer,layer,,,,,,,,,,,,,,,,,,,,
muse,muse,layer,layer,,,,,,,,,,,,,,,,,,,,
night,night,layer,layer,,,,,,,,,,,,,,,,,,,,
vii,vii,vii,vii,semantic,semantic,semantic,semantic,,,,,,,,,,,,,,,,
onnx,onnx,layer,layer,,,,,,,,,,,,,,,,,,,,
night,night,night,night,semantic,semantic,semantic,semantic,,,,,,,,,,,,,,,,
onnx,onnx,layer,layer,,,,,,,,,,,,,,,,,,,,
night,night,night,night,semantic,semantic,semantic,semantic,,,,,,,,,,,,,,,,
muse,muse,layer,layer,,,,,,,,,,,,,,,,,,,,
onnx,compression,,,,,,,,,,,,,,,,,,,,,,
blur,blur,layer,layer,,,,,,,,,,,,,,,,,,,,
night,night,layer,layer,,,,,,,,,,,,,,,,,,,,
onnx,compression,,,,,,,,,,,,,,,,,,,,,,
muse,muse,layer,layer,,,,,,,,,,,,,,,,,,,,
wave,wave,layer,layer,,,,,,,,,,,,,,,,,,,,
night,compression,,,,,,,,,,,,,,,,,,,,,,
blur,blur,layer,layer,,,,,,,,,,,,,,,,,,,,
blur,blur,layer,layer,,,,,,,,,,,,,,,,,,,,
wave,wave,wave,wave,semantic,semantic,semantic,semantic,,,,,,,,,,,,,,,,
onnx,onnx,onnx,onnx,semantic,semantic,semantic,semantic,,,,,,,,,,,,,,,,
blur,blur,blur,blur,wave,wave,wave,wave,semantic,semantic,semantic,semantic,semantic,semantic,semantic,semantic,,,,,,,,
emboss,emboss,layer,layer,,,,,,,,,,,,,,,,,,,,
emboss,compression,,,,,,,,,,,,,,,,,,,,,,
vii,vii,vii,vii,semantic,semantic,semantic,semantic,,,,,,,,,,,,,,,,
blur,blur,blur,blur,semantic,semantic,semantic,semantic,,,,,,,,,,,,,,,,
vii,vii,layer,layer,,,,,,,,,,,,,,,,,,,,
blur,blur,blur,blur,semantic,semantic,semantic,semantic,,,,,,,,,,,,,,,,
night,night,layer,layer,,,,,,,,,,,,,,,,,,,,
wave,wave,layer,layer,,,,,,,,,,,,,,,,,,,,
onnx,onnx,layer,layer,,,,,,,,,,,,,,,,,,,,
muse,muse,muse,muse,semantic,semantic,semantic,semantic,,,,,,,,,,,,,,,,
wave,wave,layer,layer,,,,,,,,,,,,,,,,,,,,
night,compression,,,,,,,,,,,,,,,,,,,,,,
blur,blur,night,night,night,night,layer,layer,semantic,semantic,semantic,semantic,,,,,,,,,,,,
onnx,onnx,night,night,layer,layer,layer,layer,,,,,,,,,,,,,,,,
onnx,onnx,onnx,onnx,semantic,semantic,semantic,semantic,,,,,,,,,,,,,,,,
night,night,night,night,layer,layer,layer,layer,,,,,,,,,,,,,,,,
night,night,night,night,semantic,semantic,semantic,semantic,,,,,,,,,,,,,,,,
night,night,night,night,semantic,semantic,semantic,semantic,,,,,,,,,,,,,,,,
wave,compression,,,,,,,,,,,,,,,,,,,,,,
blur,blur,layer,layer,,,,,,,,,,,,,,,,,,,,
wave,compression,,,,,,,,,,,,,,,,,,,,,,
onnx,onnx,onnx,onnx,semantic,semantic,semantic,semantic,,,,,,,,,,,,,,,,
night,compression,,,,,,,,,,,,,,,,,,,,,,
night,night,layer,layer,,,,,,,,,,,,,,,,,,,,
emboss,emboss,emboss,emboss,semantic,semantic,semantic,semantic,,,,,,,,,,,,,,,,
night,night,night,night,semantic,semantic,semantic,semantic,,,,,,,,,,,,,,,,
emboss,emboss,layer,layer,,,,,,,,,,,,,,,,,,,,
blur,compression,,,,,,,,,,,,,,,,,,,,,,
muse,compression,,,,,,,,,,,,,,,,,,,,,,
onnx,onnx,night,layer,layer,compression,,,,,,,,,,,,,,,,,,
blur,blur,blur,blur,semantic,semantic,semantic,semantic,,,,,,,,,,,,,,,,
wave,wave,layer,layer,,,,,,,,,,,,,,,,,,,,
night,night,wave,wave,layer,layer,layer,layer,,,,,,,,,,,,,,,,
emboss,compression,,,,,,,,,,,,,,,,,,,,,,
onnx,onnx,layer,layer,,,,,,,,,,,,,,,,,,,,
night,night,night,night,semantic,semantic,semantic,semantic,,,,,,,,,,,,,,,,
vii,vii,layer,layer,,,,,,,,,,,,,,,,,,,,
vii,vii,layer,layer,,,,,,,,,,,,,,,,,,,,
night,night,layer,layer,,,,,,,,,,,,,,,,,,,,
onnx,onnx,layer,layer,,,,,,,,,,,,,,,,,,,,
onnx,onnx,onnx,onnx,semantic,semantic,semantic,semantic,,,,,,,,,,,,,,,,
vii,vii,emboss,emboss,emboss,emboss,layer,layer,semantic,semantic,semantic,semantic,,,,,,,,,,,,
onnx,onnx,layer,layer,,,,,,,,,,,,,,,,,,,,
onnx,onnx,layer,layer,,,,,,,,,,,,,,,,,,,,
muse,muse,layer,layer,,,,,,,,,,,,,,,,,,,,
vii,wave,wave,compression,layer,layer,,,,,,,,,,,,,,,,,,
blur,blur,blur,blur,semantic,semantic,semantic,semantic,,,,,,,,,,,,,,,,
wave,compression,,,,,,,,,,,,,,,,,,,,,,
night,compression,,,,,,,,,,,,,,,,,,,,,,
muse,muse,muse,muse,semantic,semantic,semantic,semantic,,,,,,,,,,,,,,,,
emboss,compression,,,,,,,,,,,,,,,,,,,,,,
blur,blur,layer,layer,,,,,,,,,,,,,,,,,,,,
onnx,onnx,layer,layer,,,,,,,,,,,,,,,,,,,,
night,night,night,night,semantic,semantic,semantic,semantic,,,,,,,,,,,,,,,,
muse,compression,,,,,,,,,,,,,,,,,,,,,,
vii,compression,,,,,,,,,,,,,,,,,,,,,,
emboss,emboss,emboss,emboss,semantic,semantic,semantic,semantic,,,,,,,,,,,,,,,,
vii,compression,,,,,,,,,,,,,,,,,,,,,,
night,night,muse,muse,blur,layer,layer,layer,layer,compression,,,,,,,,,,,,,,
vii,vii,vii,vii,semantic,semantic,semantic,semantic,,,,,,,,,,,,,,,,
muse,muse,layer,layer,,,,,,,,,,,,,,,,,,,,
muse,compression,,,,,,,,,,,,,,,,,,,,,,
emboss,emboss,emboss,emboss,onnx,onnx,semantic,semantic,semantic,semantic,layer,layer,,,,,,,,,,,,
onnx,onnx,blur,blur,layer,layer,layer,layer,,,,,,,,,,,,,,,,
night,night,night,night,semantic,semantic,semantic,semantic,,,,,,,,,,,,,,,,
wave,wave,layer,layer,,,,,,,,,,,,,,,,,,,,
emboss,emboss,layer,layer,,,,,,,,,,,,,,,,,,,,
blur,blur,layer,layer,,,,,,,,,,,,,,,,,,,,
onnx,onnx,onnx,onnx,semantic,semantic,semantic,semantic,,,,,,,,,,,,,,,,
muse,muse,layer,layer,,,,,,,,,,,,,,,,,,,,
wave,compression,,,,,,,,,,,,,,,,,,,,,,
onnx,vii,vii,vii,vii,compression,semantic,semantic,semantic,semantic,,,,,,,,,,,,,,
blur,blur,muse,muse,muse,muse,layer,layer,semantic,semantic,semantic,semantic,,,,,,,,,,,,
blur,blur,blur,blur,semantic,semantic,semantic,semantic,,,,,,,,,,,,,,,,
emboss,emboss,emboss,emboss,semantic,semantic,semantic,semantic,,,,,,,,,,,,,,,,
blur,blur,layer,layer,,,,,,,,,,,,,,,,,,,,
wave,wave,layer,layer,,,,,,,,,,,,,,,,,,,,
onnx,compression,,,,,,,,,,,,,,,,,,,,,,
vii,vii,layer,layer,,,,,,,,,,,,,,,,,,,,
muse,muse,layer,layer,,,,,,,,,,,,,,,,,,,,
wave,wave,layer,layer,,,,,,,,,,,,,,,,,,,,
muse,muse,layer,layer,,,,,,,,,,,,,,,,,,,,
night,night,layer,layer,,,,,,,,,,,,,,,,,,,,
emboss,compression,,,,,,,,,,,,,,,,,,,,,,
wave,wave,muse,muse,layer,layer,layer,layer,,,,,,,,,,,,,,,,
emboss,emboss,emboss,emboss,semantic,semantic,semantic,semantic,,,,,,,,,,,,,,,,
night,night,night,night,semantic,semantic,semantic,semantic,,,,,,,,,,,,,,,,
wave,wave,layer,layer,,,,,,,,,,,,,,,,,,,,
emboss,compression,,,,,,,,,,,,,,,,,,,,,,
emboss,emboss,layer,layer,,,,,,,,,,,,,,,,,,,,
muse,muse,layer,layer,,,,,,,,,,,,,,,,,,,,
vii,vii,vii,vii,semantic,semantic,semantic,semantic,,,,,,,,,,,,,,,,
emboss,emboss,layer,layer,,,,,,,,,,,,,,,,,,,,
night,night,night,night,semantic,semantic,semantic,semantic,,,,,,,,,,,,,,,,
muse,muse,muse,muse,semantic,semantic,semantic,semantic,,,,,,,,,,,,,,,,
onnx,compression,,,,,,,,,,,,,,,,,,,,,,
muse,muse,layer,layer,,,,,,,,,,,,,,,,,,,,
onnx,compression,,,,,,,,,,,,,,,,,,,,,,
blur,blur,blur,blur,semantic,semantic,semantic,semantic,,,,,,,,,,,,,,,,
wave,wave,layer,layer,,,,,,,,,,,,,,,,,,,,
muse,muse,muse,muse,semantic,semantic,semantic,semantic,,,,,,,,,,,,,,,,
onnx,onnx,layer,layer,,,,,,,,,,,,,,,,,,,,
vii,vii,layer,layer,,,,,,,,,,,,,,,,,,,,
onnx,onnx,onnx,onnx,semantic,semantic,semantic,semantic,,,,,,,,,,,,,,,,
onnx,onnx,onnx,onnx,semantic,semantic,semantic,semantic,,,,,,,,,,,,,,,,
onnx,onnx,layer,layer,,,,,,,,,,,,,,,,,,,,
blur,blur,layer,layer,,,,,,,,,,,,,,,,,,,,
vii,vii,vii,vii,vii,vii,night,night,layer,layer,semantic,semantic,semantic,semantic,layer,layer,,,,,,,,
emboss,emboss,emboss,emboss,blur,blur,semantic,semantic,semantic,semantic,layer,layer,,,,,,,,,,,,
muse,muse,layer,layer,,,,,,,,,,,,,,,,,,,,
wave,wave,wave,wave,semantic,semantic,semantic,semantic,,,,,,,,,,,,,,,,
wave,wave,wave,wave,semantic,semantic,semantic,semantic,,,,,,,,,,,,,,,,
night,night,night,night,semantic,semantic,semantic,semantic,,,,,,,,,,,,,,,,
onnx,onnx,onnx,onnx,muse,muse,muse,muse,semantic,semantic,semantic,semantic,semantic,semantic,semantic,semantic,,,,,,,,
emboss,emboss,emboss,emboss,semantic,semantic,semantic,semantic,,,,,,,,,,,,,,,,
night,night,night,night,semantic,semantic,semantic,semantic,,,,,,,,,,,,,,,,
wave,wave,onnx,onnx,emboss,emboss,emboss,emboss,layer,layer,layer,layer,semantic,semantic,semantic,semantic,,,,,,,,
muse,muse,muse,muse,semantic,semantic,semantic,semantic,,,,,,,,,,,,,,,,
vii,compression,,,,,,,,,,,,,,,,,,,,,,
wave,wave,layer,layer,,,,,,,,,,,,,,,,,,,,
emboss,emboss,emboss,emboss,night,night,night,night,semantic,semantic,semantic,semantic,semantic,semantic,semantic,semantic,,,,,,,,
wave,compression,,,,,,,,,,,,,,,,,,,,,,
onnx,compression,,,,,,,,,,,,,,,,,,,,,,
blur,blur,layer,layer,,,,,,,,,,,,,,,,,,,,
wave,wave,layer,layer,,,,,,,,,,,,,,,,,,,,
wave,compression,,,,,,,,,,,,,,,,,,,,,,
night,night,night,night,semantic,semantic,semantic,semantic,,,,,,,,,,,,,,,,
onnx,onnx,onnx,onnx,semantic,semantic,semantic,semantic,,,,,,,,,,,,,,,,
wave,wave,layer,layer,,,,,,,,,,,,,,,,,,,,
wave,wave,layer,layer,,,,,,,,,,,,,,,,,,,,
wave,wave,wave,wave,vii,vii,semantic,semantic,semantic,semantic,layer,layer,,,,,,,,,,,,
blur,blur,blur,blur,semantic,semantic,semantic,semantic,,,,,,,,,,,,,,,,
night,night,night,night,muse,muse,muse,muse,semantic,semantic,semantic,semantic,semantic,semantic,semantic,semantic,,,,,,,,
blur,blur,blur,blur,semantic,semantic,semantic,semantic,,,,,,,,,,,,,,,,
muse,compression,,,,,,,,,,,,,,,,,,,,,,
emboss,emboss,layer,layer,,,,,,,,,,,,,,,,,,,,
wave,wave,layer,layer,,,,,,,,,,,,,,,,,,,,
wave,wave,layer,layer,,,,,,,,,,,,,,,,,,,,
muse,muse,muse,muse,semantic,semantic,semantic,semantic,,,,,,,,,,,,,,,,
blur,blur,layer,layer,,,,,,,,,,,,,,,,,,,,
vii,vii,vii,vii,onnx,onnx,semantic,semantic,semantic,semantic,layer,layer,,,,,,,,,,,,
muse,muse,layer,layer,,,,,,,,,,,,,,,,,,,,
muse,muse,layer,layer,,,,,,,,,,,,,,,,,,,,
wave,wave,layer,layer,,,,,,,,,,,,,,,,,,,,
night,night,layer,layer,,,,,,,,,,,,,,,,,,,,
onnx,onnx,layer,layer,,,,,,,,,,,,,,,,,,,,
muse,compression,,,,,,,,,,,,,,,,,,,,,,
emboss,compression,,,,,,,,,,,,,,,,,,,,,,
blur,blur,layer,layer,,,,,,,,,,,,,,,,,,,,
onnx,compression,,,,,,,,,,,,,,,,,,,,,,
emboss,emboss,layer,layer,,,,,,,,,,,,,,,,,,,,
emboss,emboss,emboss,emboss,semantic,semantic,semantic,semantic,,,,,,,,,,,,,,,,
blur,blur,layer,layer,,,,,,,,,,,,,,,,,,,,
blur,blur,layer,layer,,,,,,,,,,,,,,,,,,,,
wave,wave,layer,layer,,,,,,,,,,,,,,,,,,,,
wave,compression,,,,,,,,,,,,,,,,,,,,,,
night,compression,,,,,,,,,,,,,,,,,,,,,,
night,night,layer,layer,,,,,,,,,,,,,,,,,,,,
wave,compression,,,,,,,,,,,,,,,,,,,,,,
blur,blur,layer,layer,,,,,,,,,,,,,,,,,,,,
onnx,onnx,onnx,onnx,semantic,semantic,semantic,semantic,,,,,,,,,,,,,,,,
muse,muse,layer,layer,,,,,,,,,,,,,,,,,,,,
night,compression,,,,,,,,,,,,,,,,,,,,,,
blur,blur,layer,layer,,,,,,,,,,,,,,,,,,,,
blur,blur,blur,blur,semantic,semantic,semantic,semantic,,,,,,,,,,,,,,,,
onnx,onnx,onnx,onnx,semantic,semantic,semantic,semantic,,,,,,,,,,,,,,,,
blur,compression,,,,,,,,,,,,,,,,,,,,,,
vii,vii,vii,vii,semantic,semantic,semantic,semantic,,,,,,,,,,,,,,,,
wave,compression,,,,,,,,,,,,,,,,,,,,,,
onnx,onnx,onnx,onnx,semantic,semantic,semantic,semantic,,,,,,,,,,,,,,,,
blur,blur,layer,layer,,,,,,,,,,,,,,,,,,,,
wave,wave,wave,wave,semantic,semantic,semantic,semantic,,,,,,,,,,,,,,,,
vii,vii,layer,layer,,,,,,,,,,,,,,,,,,,,
vii,vii,layer,layer,,,,,,,,,,,,,,,,,,,,
muse,muse,muse,muse,semantic,semantic,semantic,semantic,,,,,,,,,,,,,,,,
night,night,layer,layer,,,,,,,,,,,,,,,,,,,,
onnx,onnx,onnx,onnx,layer,layer,layer,layer,,,,,,,,,,,,,,,,
wave,wave,vii,vii,layer,layer,layer,layer,,,,,,,,,,,,,,,,
onnx,compression,,,,,,,,,,,,,,,,,,,,,,
night,night,night,night,semantic,semantic,semantic,semantic,,,,,,,,,,,,,,,,
wave,wave,layer,layer,,,,,,,,,,,,,,,,,,,,
onnx,onnx,onnx,onnx,semantic,semantic,semantic,semantic,,,,,,,,,,,,,,,,
night,night,layer,layer,,,,,,,,,,,,,,,,,,,,
blur,compression,,,,,,,,,,,,,,,,,,,,,,
muse,muse,layer,layer,,,,,,,,,,,,,,,,,,,,
onnx,onnx,layer,layer,,,,,,,,,,,,,,,,,,,,
blur,blur,layer,layer,,,,,,,,,,,,,,,,,,,,
emboss,compression,,,,,,,,,,,,,,,,,,,,,,
vii,compression,,,,,,,,,,,,,,,,,,,,,,
wave,wave,wave,wave,semantic,semantic,semantic,semantic,,,,,,,,,,,,,,,,
emboss,emboss,layer,layer,,,,,,,,,,,,,,,,,,,,
blur,blur,layer,layer,,,,,,,,,,,,,,,,,,,,
vii,vii,layer,layer,,,,,,,,,,,,,,,,,,,,
wave,wave,layer,layer,,,,,,,,,,,,,,,,,,,,
blur,blur,blur,blur,semantic,semantic,semantic,semantic,,,,,,,,,,,,,,,,
onnx,onnx,layer,layer,,,,,,,,,,,,,,,,,,,,
muse,muse,muse,muse,semantic,semantic,semantic,semantic,,,,,,,,,,,,,,,,
vii,vii,vii,vii,semantic,semantic,semantic,semantic,,,,,,,,,,,,,,,,
night,night,night,night,semantic,semantic,semantic,semantic,,,,,,,,,,,,,,,,
onnx,emboss,emboss,emboss,emboss,compression,semantic,semantic,semantic,semantic,,,,,,,,,,,,,,
night,night,night,night,semantic,semantic,semantic,semantic,,,,,,,,,,,,,,,,
onnx,onnx,onnx,onnx,semantic,semantic,semantic,semantic,,,,,,,,,,,,,,,,
emboss,emboss,emboss,emboss,semantic,semantic,semantic,semantic,,,,,,,,,,,,,,,,
emboss,emboss,layer,layer,,,,,,,,,,,,,,,,,,,,
night,night,night,night,semantic,semantic,semantic,semantic,,,,,,,,,,,,,,,,
night,compression,,,,,,,,,,,,,,,,,,,,,,
vii,vii,layer,layer,,,,,,,,,,,,,,,,,,,,
wave,wave,night,night,night,night,layer,layer,semantic,semantic,semantic,semantic,,,,,,,,,,,,
blur,blur,layer,layer,,,,,,,,,,,,,,,,,,,,
blur,blur,layer,layer,,,,,,,,,,,,,,,,,,,,
onnx,onnx,onnx,onnx,semantic,semantic,semantic,semantic,,,,,,,,,,,,,,,,
blur,blur,layer,layer,,,,,,,,,,,,,,,,,,,,
wave,wave,layer,layer,,,,,,,,,,,,,,,,,,,,
vii,vii,vii,vii,semantic,semantic,semantic,semantic,,,,,,,,,,,,,,,,
emboss,emboss,layer,layer,,,,,,,,,,,,,,,,,,,,
wave,wave,wave,wave,layer,layer,layer,layer,,,,,,,,,,,,,,,,
vii,vii,layer,layer,,,,,,,,,,,,,,,,,,,,
onnx,compression,,,,,,,,,,,,,,,,,,,,,,
night,night,night,night,semantic,semantic,semantic,semantic,,,,,,,,,,,,,,,,
muse,muse,layer,layer,,,,,,,,,,,,,,,,,,,,
vii,vii,layer,layer,,,,,,,,,,,,,,,,,,,,
emboss,emboss,emboss,emboss,semantic,semantic,semantic,semantic,,,,,,,,,,,,,,,,
onnx,onnx,layer,layer,,,,,,,,,,,,,,,,,,,,
night,night,night,night,night,onnx,onnx,emboss,emboss,muse,muse,compression,semantic,semantic,semantic,semantic,layer,layer,layer,layer,layer,layer,,
emboss,compression,,,,,,,,,,,,,,,,,,,,,,
night,compression,,,,,,,,,,,,,,,,,,,,,,
emboss,emboss,blur,blur,layer,layer,layer,layer,,,,,,,,,,,,,,,,
onnx,onnx,onnx,onnx,semantic,semantic,semantic,semantic,,,,,,,,,,,,,,,,
emboss,emboss,layer,layer,,,,,,,,,,,,,,,,,,,,
muse,muse,layer,layer,,,,,,,,,,,,,,,,,,,,
emboss,emboss,onnx,onnx,onnx,onnx,wave,wave,wave,wave,layer,layer,semantic,semantic,semantic,semantic,semantic,semantic,semantic,semantic,,,,
wave,wave,layer,layer,,,,,,,,,,,,,,,,,,,,
night,night,vii,vii,vii,vii,layer,layer,semantic,semantic,semantic,semantic,,,,,,,,,,,,
emboss,emboss,emboss,emboss,semantic,semantic,semantic,semantic,,,,,,,,,,,,,,,,
muse,muse,layer,layer,,,,,,,,,,,,,,,,,,,,
onnx,onnx,onnx,onnx,semantic,semantic,semantic,semantic,,,,,,,,,,,,,,,,
blur,blur,layer,layer,,,,,,,,,,,,,,,,,,,,
vii,vii,vii,vii,semantic,semantic,semantic,semantic,,,,,,,,,,,,,,,,
onnx,onnx,onnx,onnx,semantic,semantic,semantic,semantic,,,,,,,,,,,,,,,,
muse,muse,layer,layer,,,,,,,,,,,,,,,,,,,,
blur,blur,layer,layer,,,,,,,,,,,,,,,,,,,,
night,night,night,night,semantic,semantic,semantic,semantic,,,,,,,,,,,,,,,,
emboss,emboss,layer,layer,,,,,,,,,,,,,,,,,,,,
muse,muse,muse,muse,semantic,semantic,semantic,semantic,,,,,,,,,,,,,,,,
vii,vii,layer,layer,,,,,,,,,,,,,,,,,,,,
muse,muse,muse,muse,semantic,semantic,semantic,semantic,,,,,,,,,,,,,,,,
onnx,onnx,layer,layer,,,,,,,,,,,,,,,,,,,,
wave,wave,wave,wave,semantic,semantic,semantic,semantic,,,,,,,,,,,,,,,,
muse,muse,muse,muse,semantic,semantic,semantic,semantic,,,,,,,,,,,,,,,,
vii,vii,layer,layer,,,,,,,,,,,,,,,,,,,,
wave,wave,wave,wave,semantic,semantic,semantic,semantic,,,,,,,,,,,,,,,,
onnx,onnx,onnx,onnx,semantic,semantic,semantic,semantic,,,,,,,,,,,,,,,,
night,night,night,night,semantic,semantic,semantic,semantic,,,,,,,,,,,,,,,,
night,night,layer,layer,,,,,,,,,,,,,,,,,,,,
blur,blur,layer,layer,,,,,,,,,,,,,,,,,,,,
night,night,layer,layer,,,,,,,,,,,,,,,,,,,,
blur,blur,layer,layer,,,,,,,,,,,,,,,,,,,,
night,compression,,,,,,,,,,,,,,,,,,,,,,
blur,blur,layer,layer,,,,,,,,,,,,,,,,,,,,
muse,onnx,onnx,onnx,onnx,compression,semantic,semantic,semantic,semantic,,,,,,,,,,,,,,
wave,wave,layer,layer,,,,,,,,,,,,,,,,,,,,
emboss,muse,muse,vii,vii,compression,layer,layer,layer,layer,,,,,,,,,,,,,,
emboss,emboss,emboss,emboss,semantic,semantic,semantic,semantic,,,,,,,,,,,,,,,,
muse,muse,layer,layer,,,,,,,,,,,,,,,,,,,,
night,night,layer,layer,,,,,,,,,,,,,,,,,,,,
wave,wave,layer,layer,,,,,,,,,,,,,,,,,,,,
vii,vii,layer,layer,,,,,,,,,,,,,,,,,,,,
vii,vii,vii,vii,semantic,semantic,semantic,semantic,,,,,,,,,,,,,,,,
onnx,vii,vii,compression,layer,layer,,,,,,,,,,,,,,,,,,
blur,compression,,,,,,,,,,,,,,,,,,,,,,
wave,wave,wave,wave,semantic,semantic,semantic,semantic,,,,,,,,,,,,,,,,
blur,blur,blur,blur,semantic,semantic,semantic,semantic,,,,,,,,,,,,,,,,
blur,blur,blur,blur,semantic,semantic,semantic,semantic,,,,,,,,,,,,,,,,
blur,blur,blur,blur,semantic,semantic,semantic,semantic,,,,,,,,,,,,,,,,
night,night,night,night,semantic,semantic,semantic,semantic,,,,,,,,,,,,,,,,
onnx,compression,,,,,,,,,,,,,,,,,,,,,,
blur,blur,layer,layer,,,,,,,,,,,,,,,,,,,,
onnx,onnx,layer,layer,,,,,,,,,,,,,,,,,,,,
emboss,emboss,emboss,emboss,semantic,semantic,semantic,semantic,,,,,,,,,,,,,,,,
wave,wave,layer,layer,,,,,,,,,,,,,,,,,,,,
emboss,compression,,,,,,,,,,,,,,,,,,,,,,
blur,blur,layer,layer,,,,,,,,,,,,,,,,,,,,
onnx,onnx,layer,layer,,,,,,,,,,,,,,,,,,,,
emboss,emboss,layer,layer,,,,,,,,,,,,,,,,,,,,
muse,muse,muse,muse,semantic,semantic,semantic,semantic,,,,,,,,,,,,,,,,
muse,muse,layer,layer,,,,,,,,,,,,,,,,,,,,
wave,wave,layer,layer,,,,,,,,,,,,,,,,,,,,
blur,compression,,,,,,,,,,,,,,,,,,,,,,
vii,compression,,,,,,,,,,,,,,,,,,,,,,
vii,vii,layer,layer,,,,,,,,,,,,,,,,,,,,
onnx,onnx,layer,layer,,,,,,,,,,,,,,,,,,,,
night,night,night,night,semantic,semantic,semantic,semantic,,,,,,,,,,,,,,,,
blur,blur,blur,blur,semantic,semantic,semantic,semantic,,,,,,,,,,,,,,,,
night,night,layer,layer,,,,,,,,,,,,,,,,,,,,
vii,vii,vii,vii,semantic,semantic,semantic,semantic,,,,,,,,,,,,,,,,
night,vii,vii,compression,layer,layer,,,,,,,,,,,,,,,,,,
blur,blur,layer,layer,,,,,,,,,,,,,,,,,,,,
emboss,emboss,layer,layer,,,,,,,,,,,,,,,,,,,,
emboss,emboss,layer,layer,,,,,,,,,,,,,,,,,,,,
emboss,emboss,emboss,layer,layer,compression,,,,,,,,,,,,,,,,,,
vii,compression,,,,,,,,,,,,,,,,,,,,,,
wave,wave,layer,layer,,,,,,,,,,,,,,,,,,,,
emboss,compression,,,,,,,,,,,,,,,,,,,,,,
wave,wave,wave,wave,semantic,semantic,semantic,semantic,,,,,,,,,,,,,,,,
emboss,emboss,emboss,emboss,semantic,semantic,semantic,semantic,,,,,,,,,,,,,,,,
wave,wave,wave,wave,semantic,semantic,semantic,semantic,,,,,,,,,,,,,,,,
onnx,onnx,onnx,onnx,semantic,semantic,semantic,semantic,,,,,,,,,,,,,,,,
blur,blur,layer,layer,,,,,,,,,,,,,,,,,,,,
night,onnx,onnx,emboss,emboss,emboss,emboss,onnx,onnx,compression,layer,layer,semantic,semantic,semantic,semantic,layer,layer,,,,,,
onnx,onnx,onnx,onnx,semantic,semantic,semantic,semantic,,,,,,,,,,,,,,,,
wave,wave,wave,wave,semantic,semantic,semantic,semantic,,,,,,,,,,,,,,,,
vii,vii,layer,layer,,,,,,,,,,,,,,,,,,,,
night,night,layer,layer,,,,,,,,,,,,,,,,,,,,
vii,vii,layer,layer,,,,,,,,,,,,,,,,,,,,
vii,vii,layer,layer,,,,,,,,,,,,,,,,,,,,
wave,wave,layer,layer,,,,,,,,,,,,,,,,,,,,
wave,wave,wave,wave,semantic,semantic,semantic,semantic,,,,,,,,,,,,,,,,
night,night,layer,layer,,,,,,,,,,,,,,,,,,,,
emboss,emboss,emboss,emboss,semantic,semantic,semantic,semantic,,,,,,,,,,,,,,,,
night,night,night,night,semantic,semantic,semantic,semantic,,,,,,,,,,,,,,,,
blur,compression,,,,,,,,,,,,,,,,,,,,,,
wave,wave,wave,wave,wave,wave,layer,layer,semantic,semantic,semantic,semantic,,,,,,,,,,,,
muse,muse,layer,layer,,,,,,,,,,,,,,,,,,,,
wave,compression,,,,,,,,,,,,,,,,,,,,,,
blur,compression,,,,,,,,,,,,,,,,,,,,,,
onnx,onnx,layer,layer,,,,,,,,,,,,,,,,,,,,
emboss,emboss,emboss,emboss,semantic,semantic,semantic,semantic,,,,,,,,,,,,,,,,
emboss,emboss,emboss,emboss,semantic,semantic,semantic,semantic,,,,,,,,,,,,,,,,
vii,compression,,,,,,,,,,,,,,,,,,,,,,
muse,muse,layer,layer,,,,,,,,,,,,,,,,,,,,
wave,wave,wave,wave,semantic,semantic,semantic,semantic,,,,,,,,,,,,,,,,
vii,compression,,,,,,,,,,,,,,,,,,,,,,
night,night,layer,layer,,,,,,,,,,,,,,,,,,,,
vii,vii,vii,vii,night,night,night,night,semantic,semantic,semantic,semantic,semantic,semantic,semantic,semantic,,,,,,,,
muse,muse,muse,muse,semantic,semantic,semantic,semantic,,,,,,,,,,,,,,,,
vii,vii,layer,layer,,,,,,,,,,,,,,,,,,,,
vii,vii,wave,wave,wave,wave,layer,layer,semantic,semantic,semantic,semantic,,,,,,,,,,,,
vii,vii,layer,layer,,,,,,,,,,,,,,,,,,,,
wave,wave,wave,wave,semantic,semantic,semantic,semantic,,,,,,,,,,,,,,,,
muse,muse,muse,muse,semantic,semantic,semantic,semantic,,,,,,,,,,,,,,,,
vii,vii,layer,layer,,,,,,,,,,,,,,,,,,,,
emboss,emboss,layer,layer,,,,,,,,,,,,,,,,,,,,
vii,vii,vii,vii,semantic,semantic,semantic,semantic,,,,,,,,,,,,,,,,
blur,blur,layer,layer,,,,,,,,,,,,,,,,,,,,
onnx,onnx,onnx,onnx,onnx,onnx,night,night,night,night,semantic,semantic,semantic,semantic,layer,layer,semantic,semantic,semantic,semantic,,,,
vii,vii,layer,layer,,,,,,,,,,,,,,,,,,,,
wave,wave,layer,layer,,,,,,,,,,,,,,,,,,,,
emboss,compression,,,,,,,,,,,,,,,,,,,,,,
muse,muse,muse,muse,semantic,semantic,semantic,semantic,,,,,,,,,,,,,,,,
night,night,night,night,semantic,semantic,semantic,semantic,,,,,,,,,,,,,,,,
muse,muse,muse,muse,semantic,semantic,semantic,semantic,,,,,,,,,,,,,,,,
onnx,onnx,layer,layer,,,,,,,,,,,,,,,,,,,,
onnx,compression,,,,,,,,,,,,,,,,,,,,,,
blur,compression,,,,,,,,,,,,,,,,,,,,,,
onnx,onnx,layer,layer,,,,,,,,,,,,,,,,,,,,
muse,muse,muse,muse,semantic,semantic,semantic,semantic,,,,,,,,,,,,,,,,
blur,blur,layer,layer,,,,,,,,,,,,,,,,,,,,
wave,wave,layer,layer,,,,,,,,,,,,,,,,,,,,
emboss,emboss,emboss,emboss,semantic,semantic,semantic,semantic,,,,,,,,,,,,,,,,
night,night,layer,layer,,,,,,,,,,,,,,,,,,,,
onnx,onnx,layer,layer,,,,,,,,,,,,,,,,,,,,
emboss,emboss,layer,layer,,,,,,,,,,,,,,,,,,,,
onnx,onnx,onnx,onnx,semantic,semantic,semantic,semantic,,,,,,,,,,,,,,,,
onnx,compression,,,,,,,,,,,,,,,,,,,,,,
night,night,vii,vii,vii,vii,layer,layer,semantic,semantic,semantic,semantic,,,,,,,,,,,,
night,night,layer,layer,,,,,,,,,,,,,,,,,,,,
onnx,compression,,,,,,,,,,,,,,,,,,,,,,
vii,vii,layer,layer,,,,,,,,,,,,,,,,,,,,
vii,vii,vii,vii,semantic,semantic,semantic,semantic,,,,,,,,,,,,,,,,
vii,compression,,,,,,,,,,,,,,,,,,,,,,
blur,blur,layer,layer,,,,,,,,,,,,,,,,,,,,
onnx,compression,,,,,,,,,,,,,,,,,,,,,,
emboss,emboss,emboss,emboss,semantic,semantic,semantic,semantic,,,,,,,,,,,,,,,,
wave,wave,layer,layer,,,,,,,,,,,,,,,,,,,,
onnx,compression,,,,,,,,,,,,,,,,,,,,,,
vii,vii,layer,layer,,,,,,,,,,,,,,,,,,,,
blur,compression,,,,,,,,,,,,,,,,,,,,,,
vii,vii,layer,layer,,,,,,,,,,,,,,,,,,,,
night,night,night,night,semantic,semantic,semantic,semantic,,,,,,,,,,,,,,,,
onnx,compression,,,,,,,,,,,,,,,,,,,,,,
onnx,compression,,,,,,,,,,,,,,,,,,,,,,
emboss,emboss,layer,layer,,,,,,,,,,,,,,,,,,,,
night,night,layer,layer,,,,,,,,,,,,,,,,,,,,
vii,vii,layer,layer,,,,,,,,,,,,,,,,,,,,
wave,wave,vii,layer,layer,compression,,,,,,,,,,,,,,,,,,
muse,muse,layer,layer,,,,,,,,,,,,,,,,,,,,
night,night,night,night,semantic,semantic,semantic,semantic,,,,,,,,,,,,,,,,
wave,wave,wave,wave,semantic,semantic,semantic,semantic,,,,,,,,,,,,,,,,
muse,muse,layer,layer,,,,,,,,,,,,,,,,,,,,
emboss,emboss,layer,layer,,,,,,,,,,,,,,,,,,,,
vii,vii,layer,layer,,,,,,,,,,,,,,,,,,,,
night,night,night,night,semantic,semantic,semantic,semantic,,,,,,,,,,,,,,,,
onnx,onnx,onnx,onnx,semantic,semantic,semantic,semantic,,,,,,,,,,,,,,,,
onnx,onnx,onnx,onnx,semantic,semantic,semantic,semantic,,,,,,,,,,,,,,,,
night,night,night,night,semantic,semantic,semantic,semantic,,,,,,,,,,,,,,,,
muse,compression,,,,,,,,,,,,,,,,,,,,,,
wave,wave,layer,layer,,,,,,,,,,,,,,,,,,,,
emboss,emboss,layer,layer,,,,,,,,,,,,,,,,,,,,
wave,wave,layer,layer,,,,,,,,,,,,,,,,,,,,
night,night,layer,layer,,,,,,,,,,,,,,,,,,,,
vii,compression,,,,,,,,,,,,,,,,,,,,,,
blur,blur,layer,layer,,,,,,,,,,,,,,,,,,,,
night,compression,,,,,,,,,,,,,,,,,,,,,,
muse,muse,layer,layer,,,,,,,,,,,,,,,,,,,,
wave,wave,layer,layer,,,,,,,,,,,,,,,,,,,,
emboss,compression,,,,,,,,,,,,,,,,,,,,,,
muse,muse,layer,layer,,,,,,,,,,,,,,,,,,,,
blur,blur,layer,layer,,,,,,,,,,,,,,,,,,,,
muse,compression,,,,,,,,,,,,,,,,,,,,,,
onnx,compression,,,,,,,,,,,,,,,,,,,,,,
emboss,emboss,layer,layer,,,,,,,,,,,,,,,,,,,,
vii,compression,,,,,,,,,,,,,,,,,,,,,,
vii,vii,vii,vii,blur,blur,semantic,semantic,semantic,semantic,layer,layer,,,,,,,,,,,,
night,night,layer,layer,,,,,,,,,,,,,,,,,,,,
emboss,compression,,,,,,,,,,,,,,,,,,,,,,
emboss,emboss,emboss,emboss,semantic,semantic,semantic,semantic,,,,,,,,,,,,,,,,
onnx,compression,,,,,,,,,,,,,,,,,,,,,,
emboss,emboss,layer,layer,,,,,,,,,,,,,,,,,,,,
vii,vii,layer,layer,,,,,,,,,,,,,,,,,,,,
vii,vii,blur,layer,layer,compression,,,,,,,,,,,,,,,,,,
onnx,onnx,layer,layer,,,,,,,,,,,,,,,,,,,,
onnx,onnx,layer,layer,,,,,,,,,,,,,,,,,,,,
emboss,emboss,layer,layer,,,,,,,,,,,,,,,,,,,,
wave,wave,layer,layer,,,,,,,,,,,,,,,,,,,,
onnx,onnx,layer,layer,,,,,,,,,,,,,,,,,,,,
onnx,onnx,onnx,onnx,semantic,semantic,semantic,semantic,,,,,,,,,,,,,,,,
muse,muse,muse,muse,semantic,semantic,semantic,semantic,,,,,,,,,,,,,,,,
onnx,onnx,onnx,onnx,onnx,onnx,blur,layer,layer,semantic,semantic,semantic,semantic,compression,,,,,,,,,,
night,night,night,night,semantic,semantic,semantic,semantic,,,,,,,,,,,,,,,,
night,night,wave,wave,layer,layer,layer,layer,,,,,,,,,,,,,,,,
night,night,layer,layer,,,,,,,,,,,,,,,,,,,,
muse,muse,muse,muse,semantic,semantic,semantic,semantic,,,,,,,,,,,,,,,,
muse,muse,layer,layer,,,,,,,,,,,,,,,,,,,,
emboss,emboss,emboss,emboss,semantic,semantic,semantic,semantic,,,,,,,,,,,,,,,,
emboss,emboss,onnx,layer,layer,compression,,,,,,,,,,,,,,,,,,
muse,muse,layer,layer,,,,,,,,,,,,,,,,,,,,
night,night,layer,layer,,,,,,,,,,,,,,,,,,,,
vii,vii,vii,vii,semantic,semantic,semantic,semantic,,,,,,,,,,,,,,,,
muse,muse,layer,layer,,,,,,,,,,,,,,,,,,,,
muse,compression,,,,,,,,,,,,,,,,,,,,,,
emboss,emboss,emboss,emboss,semantic,semantic,semantic,semantic,,,,,,,,,,,,,,,,
muse,muse,layer,layer,,,,,,,,,,,,,,,,,,,,
wave,compression,,,,,,,,,,,,,,,,,,,,,,
emboss,emboss,layer,layer,,,,,,,,,,,,,,,,,,,,
emboss,compression,,,,,,,,,,,,,,,,,,,,,,
vii,vii,layer,layer,,,,,,,,,,,,,,,,,,,,
night,night,layer,layer,,,,,,,,,,,,,,,,,,,,
wave,compression,,,,,,,,,,,,,,,,,,,,,,
muse,muse,layer,layer,,,,,,,,,,,,,,,,,,,,
night,night,layer,layer,,,,,,,,,,,,,,,,,,,,
vii,vii,layer,layer,,,,,,,,,,,,,,,,,,,,
wave,wave,wave,wave,semantic,semantic,semantic,semantic,,,,,,,,,,,,,,,,
emboss,emboss,layer,layer,,,,,,,,,,,,,,,,,,,,
blur,blur,blur,blur,semantic,semantic,semantic,semantic,,,,,,,,,,,,,,,,
vii,vii,layer,layer,,,,,,,,,,,,,,,,,,,,
emboss,emboss,emboss,emboss,semantic,semantic,semantic,semantic,,,,,,,,,,,,,,,,
muse,compression,,,,,,,,,,,,,,,,,,,,,,
onnx,onnx,onnx,onnx,semantic,semantic,semantic,semantic,,,,,,,,,,,,,,,,
onnx,onnx,layer,layer,,,,,,,,,,,,,,,,,,,,
onnx,onnx,muse,muse,layer,layer,layer,layer,,,,,,,,,,,,,,,,
vii,vii,layer,layer,,,,,,,,,,,,,,,,,,,,
wave,wave,wave,wave,semantic,semantic,semantic,semantic,,,,,,,,,,,,,,,,
night,night,night,night,semantic,semantic,semantic,semantic,,,,,,,,,,,,,,,,
blur,blur,layer,layer,,,,,,,,,,,,,,,,,,,,
blur,blur,layer,layer,,,,,,,,,,,,,,,,,,,,
night,night,layer,layer,,,,,,,,,,,,,,,,,,,,
vii,vii,layer,layer,,,,,,,,,,,,,,,,,,,,
muse,muse,muse,muse,semantic,semantic,semantic,semantic,,,,,,,,,,,,,,,,
muse,muse,muse,muse,semantic,semantic,semantic,semantic,,,,,,,,,,,,,,,,
muse,muse,layer,layer,,,,,,,,,,,,,,,,,,,,
night,night,layer,layer,,,,,,,,,,,,,,,,,,,,
muse,muse,muse,muse,semantic,semantic,semantic,semantic,,,,,,,,,,,,,,,,
vii,vii,vii,vii,semantic,semantic,semantic,semantic,,,,,,,,,,,,,,,,
emboss,emboss,emboss,emboss,semantic,semantic,semantic,semantic,,,,,,,,,,,,,,,,
emboss,emboss,emboss,emboss,semantic,semantic,semantic,semantic,,,,,,,,,,,,,,,,
night,night,layer,layer,,,,,,,,,,,,,,,,,,,,
wave,wave,wave,wave,semantic,semantic,semantic,semantic,,,,,,,,,,,,,,,,
muse,muse,layer,layer,,,,,,,,,,,,,,,,,,,,
blur,compression,,,,,,,,,,,,,,,,,,,,,,
vii,vii,vii,vii,semantic,semantic,semantic,semantic,,,,,,,,,,,,,,,,
emboss,compression,,,,,,,,,,,,,,,,,,,,,,
onnx,onnx,layer,layer,,,,,,,,,,,,,,,,,,,,
muse,muse,muse,muse,semantic,semantic,semantic,semantic,,,,,,,,,,,,,,,,
wave,wave,wave,wave,semantic,semantic,semantic,semantic,,,,,,,,,,,,,,,,
onnx,compression,,,,,,,,,,,,,,,,,,,,,,
blur,compression,,,,,,,,,,,,,,,,,,,,,,
emboss,emboss,layer,layer,,,,,,,,,,,,,,,,,,,,
blur,blur,layer,layer,,,,,,,,,,,,,,,,,,,,
wave,compression,,,,,,,,,,,,,,,,,,,,,,
muse,muse,muse,muse,semantic,semantic,semantic,semantic,,,,,,,,,,,,,,,,
emboss,compression,,,,,,,,,,,,,,,,,,,,,,
vii,vii,vii,vii,semantic,semantic,semantic,semantic,,,,,,,,,,,,,,,,
wave,wave,layer,layer,,,,,,,,,,,,,,,,,,,,
vii,vii,vii,vii,semantic,semantic,semantic,semantic,,,,,,,,,,,,,,,,
onnx,onnx,onnx,onnx,semantic,semantic,semantic,semantic,,,,,,,,,,,,,,,,
muse,compression,,,,,,,,,,,,,,,,,,,,,,
wave,wave,wave,wave,semantic,semantic,semantic,semantic,,,,,,,,,,,,,,,,
blur,blur,layer,layer,,,,,,,,,,,,,,,,,,,,
blur,blur,blur,blur,semantic,semantic,semantic,semantic,,,,,,,,,,,,,,,,
blur,blur,blur,blur,blur,blur,blur,blur,semantic,semantic,semantic,semantic,semantic,semantic,semantic,semantic,,,,,,,,
muse,compression,,,,,,,,,,,,,,,,,,,,,,
blur,blur,blur,blur,semantic,semantic,semantic,semantic,,,,,,,,,,,,,,,,
emboss,emboss,emboss,emboss,night,night,semantic,semantic,semantic,semantic,layer,layer,,,,,,,,,,,,
onnx,onnx,layer,layer,,,,,,,,,,,,,,,,,,,,
onnx,wave,wave,wave,wave,onnx,onnx,compression,semantic,semantic,semantic,semantic,layer,layer,,,,,,,,,,
wave,wave,layer,layer,,,,,,,,,,,,,,,,,,,,
emboss,emboss,emboss,emboss,semantic,semantic,semantic,semantic,,,,,,,,,,,,,,,,
vii,compression,,,,,,,,,,,,,,,,,,,,,,
blur,blur,blur,blur,semantic,semantic,semantic,semantic,,,,,,,,,,,,,,,,
blur,blur,layer,layer,,,,,,,,,,,,,,,,,,,,
muse,muse,layer,layer,,,,,,,,,,,,,,,,,,,,
wave,compression,,,,,,,,,,,,,,,,,,,,,,
emboss,emboss,layer,layer,,,,,,,,,,,,,,,,,,,,
wave,wave,layer,layer,,,,,,,,,,,,,,,,,,,,
muse,compression,,,,,,,,,,,,,,,,,,,,,,
wave,wave,layer,layer,,,,,,,,,,,,,,,,,,,,
emboss,emboss,layer,layer,,,,,,,,,,,,,,,,,,,,
blur,blur,blur,blur,semantic,semantic,semantic,semantic,,,,,,,,,,,,,,,,
wave,wave,layer,layer,,,,,,,,,,,,,,,,,,,,
blur,compression,,,,,,,,,,,,,,,,,,,,,,
onnx,onnx,onnx,onnx,semantic,semantic,semantic,semantic,,,,,,,,,,,,,,,,
onnx,onnx,onnx,onnx,semantic,semantic,semantic,semantic,,,,,,,,,,,,,,,,
blur,blur,layer,layer,,,,,,,,,,,,,,,,,,,,
blur,blur,layer,layer,,,,,,,,,,,,,,,,,,,,
blur,blur,blur,blur,blur,blur,semantic,semantic,semantic,semantic,layer,layer,,,,,,,,,,,,
night,night,night,night,semantic,semantic,semantic,semantic,,,,,,,,,,,,,,,,
wave,wave,layer,layer,,,,,,,,,,,,,,,,,,,,
wave,wave,wave,wave,semantic,semantic,semantic,semantic,,,,,,,,,,,,,,,,
emboss,emboss,emboss,emboss,semantic,semantic,semantic,semantic,,,,,,,,,,,,,,,,
muse,muse,layer,layer,,,,,,,,,,,,,,,,,,,,
emboss,emboss,layer,layer,,,,,,,,,,,,,,,,,,,,
blur,blur,layer,layer,,,,,,,,,,,,,,,,,,,,
emboss,compression,,,,,,,,,,,,,,,,,,,,,,
emboss,emboss,emboss,emboss,emboss,emboss,semantic,semantic,semantic,semantic,layer,layer,,,,,,,,,,,,
wave,wave,wave,wave,semantic,semantic,semantic,semantic,,,,,,,,,,,,,,,,
emboss,emboss,layer,layer,,,,,,,,,,,,,,,,,,,,
blur,blur,blur,blur,semantic,semantic,semantic,semantic,,,,,,,,,,,,,,,,
vii,vii,layer,layer,,,,,,,,,,,,,,,,,,,,
wave,wave,layer,layer,,,,,,,,,,,,,,,,,,,,
blur,blur,blur,blur,semantic,semantic,semantic,semantic,,,,,,,,,,,,,,,,
wave,wave,wave,wave,vii,vii,semantic,semantic,semantic,semantic,layer,layer,,,,,,,,,,,,
blur,blur,blur,blur,semantic,semantic,semantic,semantic,,,,,,,,,,,,,,,,
emboss,emboss,layer,layer,,,,,,,,,,,,,,,,,,,,
night,night,night,night,semantic,semantic,semantic,semantic,,,,,,,,,,,,,,,,
emboss,emboss,layer,layer,,,,,,,,,,,,,,,,,,,,
vii,compression,,,,,,,,,,,,,,,,,,,,,,
wave,wave,layer,layer,,,,,,,,,,,,,,,,,,,,
vii,compression,,,,,,,,,,,,,,,,,,,,,,
vii,vii,vii,vii,semantic,semantic,semantic,semantic,,,,,,,,,,,,,,,,
onnx,onnx,onnx,onnx,semantic,semantic,semantic,semantic,,,,,,,,,,,,,,,,
night,night,muse,muse,muse,muse,layer,layer,semantic,semantic,semantic,semantic,,,,,,,,,,,,
night,night,layer,layer,,,,,,,,,,,,,,,,,,,,
vii,blur,blur,blur,blur,compression,semantic,semantic,semantic,semantic,,,,,,,,,,,,,,
wave,wave,night,night,night,night,layer,layer,semantic,semantic,semantic,semantic,,,,,,,,,,,,
emboss,compression,,,,,,,,,,,,,,,,,,,,,,
emboss,emboss,emboss,emboss,semantic,semantic,semantic,semantic,,,,,,,,,,,,,,,,
night,night,night,night,semantic,semantic,semantic,semantic,,,,,,,,,,,,,,,,
blur,blur,layer,layer,,,,,,,,,,,,,,,,,,,,
blur,blur,blur,blur,semantic,semantic,semantic,semantic,,,,,,,,,,,,,,,,
emboss,emboss,emboss,emboss,semantic,semantic,semantic,semantic,,,,,,,,,,,,,,,,
muse,muse,layer,layer,,,,,,,,,,,,,,,,,,,,
blur,blur,layer,layer,,,,,,,,,,,,,,,,,,,,
vii,vii,vii,vii,semantic,semantic,semantic,semantic,,,,,,,,,,,,,,,,
emboss,emboss,layer,layer,,,,,,,,,,,,,,,,,,,,
vii,vii,vii,vii,semantic,semantic,semantic,semantic,,,,,,,,,,,,,,,,
emboss,emboss,emboss,emboss,semantic,semantic,semantic,semantic,,,,,,,,,,,,,,,,
onnx,onnx,layer,layer,,,,,,,,,,,,,,,,,,,,
onnx,onnx,onnx,onnx,semantic,semantic,semantic,semantic,,,,,,,,,,,,,,,,
onnx,onnx,layer,layer,,,,,,,,,,,,,,,,,,,,
wave,wave,wave,wave,semantic,semantic,semantic,semantic,,,,,,,,,,,,,,,,
vii,vii,layer,layer,,,,,,,,,,,,,,,,,,,,
onnx,onnx,onnx,onnx,semantic,semantic,semantic,semantic,,,,,,,,,,,,,,,,
emboss,emboss,emboss,emboss,semantic,semantic,semantic,semantic,,,,,,,,,,,,,,,,
wave,compression,,,,,,,,,,,,,,,,,,,,,,
wave,compression,,,,,,,,,,,,,,,,,,,,,,
vii,vii,layer,layer,,,,,,,,,,,,,,,,,,,,
night,compression,,,,,,,,,,,,,,,,,,,,,,
emboss,compression,,,,,,,,,,,,,,,,,,,,,,
muse,muse,muse,muse,semantic,semantic,semantic,semantic,,,,,,,,,,,,,,,,
vii,vii,layer,layer,,,,,,,,,,,,,,,,,,,,
blur,blur,blur,blur,semantic,semantic,semantic,semantic,,,,,,,,,,,,,,,,
onnx,onnx,onnx,onnx,semantic,semantic,semantic,semantic,,,,,,,,,,,,,,,,
night,night,night,night,semantic,semantic,semantic,semantic,,,,,,,,,,,,,,,,
wave,compression,,,,,,,,,,,,,,,,,,,,,,
muse,muse,layer,layer,,,,,,,,,,,,,,,,,,,,
wave,wave,wave,wave,semantic,semantic,semantic,semantic,,,,,,,,,,,,,,,,
onnx,onnx,wave,wave,emboss,emboss,emboss,emboss,layer,layer,layer,layer,semantic,semantic,semantic,semantic,,,,,,,,
muse,muse,muse,muse,semantic,semantic,semantic,semantic,,,,,,,,,,,,,,,,
night,night,layer,layer,,,,,,,,,,,,,,,,,,,,
onnx,onnx,layer,layer,,,,,,,,,,,,,,,,,,,,
blur,blur,muse,muse,layer,layer,layer,layer,,,,,,,,,,,,,,,,
muse,muse,muse,muse,semantic,semantic,semantic,semantic,,,,,,,,,,,,,,,,
onnx,onnx,onnx,onnx,semantic,semantic,semantic,semantic,,,,,,,,,,,,,,,,
night,night,night,night,semantic,semantic,semantic,semantic,,,,,,,,,,,,,,,,
emboss,emboss,emboss,emboss,layer,layer,layer,layer,,,,,,,,,,,,,,,,
blur,blur,blur,blur,semantic,semantic,semantic,semantic,,,,,,,,,,,,,,,,
vii,vii,vii,vii,onnx,onnx,semantic,semantic,semantic,semantic,layer,layer,,,,,,,,,,,,
vii,vii,vii,vii,semantic,semantic,semantic,semantic,,,,,,,,,,,,,,,,
vii,vii,layer,layer,,,,,,,,,,,,,,,,,,,,
emboss,compression,,,,,,,,,,,,,,,,,,,,,,
muse,muse,muse,muse,semantic,semantic,semantic,semantic,,,,,,,,,,,,,,,,
vii,vii,layer,layer,,,,,,,,,,,,,,,,,,,,
muse,muse,muse,muse,semantic,semantic,semantic,semantic,,,,,,,,,,,,,,,,
onnx,onnx,onnx,onnx,muse,muse,emboss,vii,vii,semantic,semantic,semantic,semantic,layer,layer,compression,layer,layer,,,,,,
night,night,layer,layer,,,,,,,,,,,,,,,,,,,,
blur,blur,layer,layer,,,,,,,,,,,,,,,,,,,,
wave,wave,layer,layer,,,,,,,,,,,,,,,,,,,,
emboss,emboss,emboss,emboss,semantic,semantic,semantic,semantic,,,,,,,,,,,,,,,,
vii,vii,vii,vii,muse,muse,muse,muse,semantic,semantic,semantic,semantic,semantic,semantic,semantic,semantic,,,,,,,,
emboss,emboss,emboss,emboss,semantic,semantic,semantic,semantic,,,,,,,,,,,,,,,,
muse,muse,layer,layer,,,,,,,,,,,,,,,,,,,,
emboss,emboss,emboss,emboss,semantic,semantic,semantic,semantic,,,,,,,,,,,,,,,,
muse,muse,blur,blur,layer,layer,layer,layer,,,,,,,,,,,,,,,,
wave,wave,layer,layer,,,,,,,,,,,,,,,,,,,,
muse,muse,muse,muse,semantic,semantic,semantic,semantic,,,,,,,,,,,,,,,,
muse,muse,layer,layer,,,,,,,,,,,,,,,,,,,,
vii,vii,layer,layer,,,,,,,,,,,,,,,,,,,,
night,compression,,,,,,,,,,,,,,,,,,,,,,
wave,wave,layer,layer,,,,,,,,,,,,,,,,,,,,
night,night,night,night,semantic,semantic,semantic,semantic,,,,,,,,,,,,,,,,
emboss,emboss,emboss,emboss,semantic,semantic,semantic,semantic,,,,,,,,,,,,,,,,
vii,vii,layer,layer,,,,,,,,,,,,,,,,,,,,
blur,blur,emboss,emboss,layer,layer,layer,layer,,,,,,,,,,,,,,,,
wave,wave,wave,wave,semantic,semantic,semantic,semantic,,,,,,,,,,,,,,,,
vii,vii,layer,layer,,,,,,,,,,,,,,,,,,,,
vii,vii,layer,layer,,,,,,,,,,,,,,,,,,,,
blur,wave,wave,wave,wave,compression,semantic,semantic,semantic,semantic,,,,,,,,,,,,,,
muse,muse,muse,muse,semantic,semantic,semantic,semantic,,,,,,,,,,,,,,,,
emboss,emboss,emboss,emboss,semantic,semantic,semantic,semantic,,,,,,,,,,,,,,,,
muse,muse,muse,muse,semantic,semantic,semantic,semantic,,,,,,,,,,,,,,,,
night,night,layer,layer,,,,,,,,,,,,,,,,,,,,
muse,compression,,,,,,,,,,,,,,,,,,,,,,
wave,wave,layer,layer,,,,,,,,,,,,,,,,,,,,
wave,compression,,,,,,,,,,,,,,,,,,,,,,
emboss,emboss,layer,layer,,,,,,,,,,,,,,,,,,,,
emboss,emboss,layer,layer,,,,,,,,,,,,,,,,,,,,
vii,vii,layer,layer,,,,,,,,,,,,,,,,,,,,
wave,wave,layer,layer,,,,,,,,,,,,,,,,,,,,
wave,wave,wave,wave,semantic,semantic,semantic,semantic,,,,,,,,,,,,,,,,
onnx,onnx,layer,layer,,,,,,,,,,,,,,,,,,,,
emboss,compression,,,,,,,,,,,,,,,,,,,,,,
night,night,night,night,semantic,semantic,semantic,semantic,,,,,,,,,,,,,,,,
emboss,emboss,emboss,emboss,onnx,onnx,semantic,semantic,semantic,semantic,layer,layer,,,,,,,,,,,,
emboss,emboss,layer,layer,,,,,,,,,,,,,,,,,,,,
emboss,compression,,,,,,,,,,,,,,,,,,,,,,
emboss,emboss,emboss,emboss,semantic,semantic,semantic,semantic,,,,,,,,,,,,,,,,
night,night,night,night,semantic,semantic,semantic,semantic,,,,,,,,,,,,,,,,
