night,night,0,0,,,,,,,,,,,,,,,,,,,,
vii,vii,vii,vii,0,0,0,0,,,,,,,,,,,,,,,,
onnx,onnx,onnx,onnx,0,0,0,0,,,,,,,,,,,,,,,,
onnx,onnx,0,0,,,,,,,,,,,,,,,,,,,,
wave,wave,wave,wave,0,0,0,0,,,,,,,,,,,,,,,,
night,night,0,0,,,,,,,,,,,,,,,,,,,,
wave,wave,wave,wave,0,0,0,0,,,,,,,,,,,,,,,,
muse,muse,0,0,,,,,,,,,,,,,,,,,,,,
blur,0,,,,,,,,,,,,,,,,,,,,,,
wave,wave,wave,wave,0,0,0,0,,,,,,,,,,,,,,,,
blur,0,,,,,,,,,,,,,,,,,,,,,,
blur,blur,blur,blur,0,0,0,0,,,,,,,,,,,,,,,,
vii,vii,0,0,,,,,,,,,,,,,,,,,,,,
wave,wave,wave,wave,0,0,0,0,,,,,,,,,,,,,,,,
blur,0,,,,,,,,,,,,,,,,,,,,,,
muse,muse,wave,wave,wave,wave,0,0,0,0,0,0,,,,,,,,,,,,
emboss,emboss,vii,vii,0,0,0,0,,,,,,,,,,,,,,,,
blur,blur,blur,blur,0,0,0,0,,,,,,,,,,,,,,,,
vii,vii,0,0,,,,,,,,,,,,,,,,,,,,
muse,muse,0,0,,,,,,,,,,,,,,,,,,,,
blur,blur,0,0,,,,,,,,,,,,,,,,,,,,
wave,wave,wave,wave,0,0,0,0,,,,,,,,,,,,,,,,
onnx,onnx,0,0,,,,,,,,,,,,,,,,,,,,
muse,muse,0,0,,,,,,,,,,,,,,,,,,,,
blur,0,,,,,,,,,,,,,,,,,,,,,,
vii,vii,0,0,,,,,,,,,,,,,,,,,,,,
onnx,onnx,0,0,,,,,,,,,,,,,,,,,,,,
muse,muse,0,0,,,,,,,,,,,,,,,,,,,,
night,night,0,0,,,,,,,,,,,,,,,,,,,,
night,night,0,0,,,,,,,,,,,,,,,,,,,,
vii,vii,0,0,,,,,,,,,,,,,,,,,,,,
emboss,emboss,0,0,,,,,,,,,,,,,,,,,,,,
vii,vii,0,0,,,,,,,,,,,,,,,,,,,,
wave,wave,wave,wave,muse,muse,night,night,muse,muse,0,0,0.0,0.0,0.0,0.0,0.0,0.0,0.0,0.0,,,,
wave,wave,wave,wave,0,0,0,0,,,,,,,,,,,,,,,,
vii,vii,0,0,,,,,,,,,,,,,,,,,,,,
vii,vii,vii,vii,0,0,0,0,,,,,,,,,,,,,,,,
night,night,0,0,,,,,,,,,,,,,,,,,,,,
onnx,onnx,vii,vii,0,0,0,0,,,,,,,,,,,,,,,,
emboss,emboss,0,0,,,,,,,,,,,,,,,,,,,,
blur,blur,blur,blur,0,0,0,0,,,,,,,,,,,,,,,,
night,night,0,0,,,,,,,,,,,,,,,,,,,,
blur,blur,blur,blur,0,0,0,0,,,,,,,,,,,,,,,,
muse,muse,0,0,,,,,,,,,,,,,,,,,,,,
emboss,emboss,emboss,emboss,0,0,0,0,,,,,,,,,,,,,,,,
blur,0,,,,,,,,,,,,,,,,,,,,,,
vii,vii,0,0,,,,,,,,,,,,,,,,,,,,
vii,vii,0,0,,,,,,,,,,,,,,,,,,,,
onnx,onnx,0,0,,,,,,,,,,,,,,,,,,,,
emboss,emboss,0,0,,,,,,,,,,,,,,,,,,,,
wave,wave,wave,wave,0,0,0,0,,,,,,,,,,,,,,,,
muse,muse,0,0,,,,,,,,,,,,,,,,,,,,
blur,0,,,,,,,,,,,,,,,,,,,,,,
muse,muse,vii,vii,0,0,0,0,,,,,,,,,,,,,,,,
vii,vii,vii,vii,0,0,0,0,,,,,,,,,,,,,,,,
muse,muse,0,0,,,,,,,,,,,,,,,,,,,,
emboss,blur,blur,blur,blur,0,0,0,0,0,,,,,,,,,,,,,,
muse,muse,0,0,,,,,,,,,,,,,,,,,,,,
wave,wave,wave,wave,0,0,0,0,,,,,,,,,,,,,,,,
emboss,emboss,emboss,emboss,0,0,0,0,,,,,,,,,,,,,,,,
night,night,0,0,,,,,,,,,,,,,,,,,,,,
night,night,0,0,,,,,,,,,,,,,,,,,,,,
wave,wave,wave,wave,0,0,0,0,,,,,,,,,,,,,,,,
onnx,onnx,0,0,,,,,,,,,,,,,,,,,,,,
muse,muse,0,0,,,,,,,,,,,,,,,,,,,,
vii,vii,vii,vii,0,0,0,0,,,,,,,,,,,,,,,,
wave,wave,wave,wave,0,0,0,0,,,,,,,,,,,,,,,,
night,night,0,0,,,,,,,,,,,,,,,,,,,,
vii,vii,0,0,,,,,,,,,,,,,,,,,,,,
night,night,emboss,emboss,0,0,0,0,,,,,,,,,,,,,,,,
wave,wave,wave,wave,muse,muse,0,0,0,0,0,0,,,,,,,,,,,,
muse,muse,0,0,,,,,,,,,,,,,,,,,,,,
onnx,0,,,,,,,,,,,,,,,,,,,,,,
vii,vii,vii,vii,0,0,0,0,,,,,,,,,,,,,,,,
emboss,emboss,0,0,,,,,,,,,,,,,,,,,,,,
emboss,emboss,0,0,,,,,,,,,,,,,,,,,,,,
wave,wave,wave,wave,0,0,0,0,,,,,,,,,,,,,,,,
onnx,onnx,0,0,,,,,,,,,,,,,,,,,,,,
vii,vii,night,night,0,0,0,0,,,,,,,,,,,,,,,,
muse,muse,0,0,,,,,,,,,,,,,,,,,,,,
emboss,emboss,0,0,,,,,,,,,,,,,,,,,,,,
vii,vii,vii,vii,0,0,0,0,,,,,,,,,,,,,,,,
emboss,emboss,0,0,,,,,,,,,,,,,,,,,,,,
blur,0,,,,,,,,,,,,,,,,,,,,,,
onnx,onnx,onnx,onnx,0,0,0,0,,,,,,,,,,,,,,,,
emboss,emboss,0,0,,,,,,,,,,,,,,,,,,,,
muse,muse,0,0,,,,,,,,,,,,,,,,,,,,
blur,0,,,,,,,,,,,,,,,,,,,,,,
wave,wave,wave,wave,0,0,0,0,,,,,,,,,,,,,,,,
wave,wave,wave,wave,0,0,0,0,,,,,,,,,,,,,,,,
emboss,emboss,emboss,emboss,0,0,0,0,,,,,,,,,,,,,,,,
vii,vii,0,0,,,,,,,,,,,,,,,,,,,,
blur,0,,,,,,,,,,,,,,,,,,,,,,
emboss,emboss,0,0,,,,,,,,,,,,,,,,,,,,
onnx,onnx,0,0,,,,,,,,,,,,,,,,,,,,
muse,muse,onnx,onnx,onnx,onnx,0,0,0,0,0,0,,,,,,,,,,,,
emboss,emboss,emboss,emboss,0,0,0,0,,,,,,,,,,,,,,,,
wave,wave,wave,wave,0,0,0,0,,,,,,,,,,,,,,,,
vii,vii,0,0,,,,,,,,,,,,,,,,,,,,
muse,muse,emboss,emboss,0,0,0,0,,,,,,,,,,,,,,,,
muse,muse,0,0,,,,,,,,,,,,,,,,,,,,
blur,0,,,,,,,,,,,,,,,,,,,,,,
onnx,onnx,onnx,onnx,night,night,0,0,0,0,0,0,,,,,,,,,,,,
blur,0,,,,,,,,,,,,,,,,,,,,,,
blur,0,,,,,,,,,,,,,,,,,,,,,,
vii,vii,vii,vii,0,0,0,0,,,,,,,,,,,,,,,,
wave,wave,wave,wave,0,0,0,0,,,,,,,,,,,,,,,,
onnx,onnx,0,0,,,,,,,,,,,,,,,,,,,,
wave,wave,wave,wave,0,0,0,0,,,,,,,,,,,,,,,,
onnx,0,,,,,,,,,,,,,,,,,,,,,,
blur,blur,blur,blur,0,0,0,0,,,,,,,,,,,,,,,,
blur,0,,,,,,,,,,,,,,,,,,,,,,
muse,muse,0,0,,,,,,,,,,,,,,,,,,,,
emboss,emboss,emboss,emboss,muse,muse,emboss,emboss,wave,wave,wave,wave,0.0,0.0,0.0,0.0,0.0,0.0,0.0,0.0,0.0,0.0,0.0,0.0
wave,wave,wave,wave,0,0,0,0,,,,,,,,,,,,,,,,
vii,vii,0,0,,,,,,,,,,,,,,,,,,,,
wave,wave,wave,wave,0,0,0,0,,,,,,,,,,,,,,,,
wave,wave,wave,wave,emboss,emboss,0,0,0,0,0,0,,,,,,,,,,,,
night,night,0,0,,,,,,,,,,,,,,,,,,,,
night,night,0,0,,,,,,,,,,,,,,,,,,,,
emboss,emboss,emboss,emboss,0,0,0,0,,,,,,,,,,,,,,,,
blur,blur,blur,blur,0,0,0,0,,,,,,,,,,,,,,,,
wave,wave,wave,wave,0,0,0,0,,,,,,,,,,,,,,,,
wave,wave,wave,wave,0,0,0,0,,,,,,,,,,,,,,,,
blur,blur,blur,blur,0,0,0,0,,,,,,,,,,,,,,,,
muse,muse,0,0,,,,,,,,,,,,,,,,,,,,
onnx,0,,,,,,,,,,,,,,,,,,,,,,
wave,wave,wave,wave,0,0,0,0,,,,,,,,,,,,,,,,
wave,wave,wave,wave,0,0,0,0,,,,,,,,,,,,,,,,
vii,vii,0,0,,,,,,,,,,,,,,,,,,,,
wave,wave,wave,wave,0,0,0,0,,,,,,,,,,,,,,,,
emboss,0,,,,,,,,,,,,,,,,,,,,,,
emboss,emboss,emboss,emboss,0,0,0,0,,,,,,,,,,,,,,,,
vii,vii,0,0,,,,,,,,,,,,,,,,,,,,
wave,wave,wave,wave,0,0,0,0,,,,,,,,,,,,,,,,
onnx,onnx,0,0,,,,,,,,,,,,,,,,,,,,
blur,blur,blur,blur,0,0,0,0,,,,,,,,,,,,,,,,
emboss,emboss,emboss,emboss,0,0,0,0,,,,,,,,,,,,,,,,
vii,vii,0,0,,,,,,,,,,,,,,,,,,,,
emboss,emboss,0,0,,,,,,,,,,,,,,,,,,,,
muse,muse,0,0,,,,,,,,,,,,,,,,,,,,
blur,0,,,,,,,,,,,,,,,,,,,,,,
emboss,emboss,emboss,emboss,0,0,0,0,,,,,,,,,,,,,,,,
onnx,onnx,0,0,,,,,,,,,,,,,,,,,,,,
night,night,0,0,,,,,,,,,,,,,,,,,,,,
emboss,emboss,0,0,,,,,,,,,,,,,,,,,,,,
blur,blur,night,night,muse,muse,0,0,0,0,0,0,,,,,,,,,,,,
wave,wave,wave,wave,0,0,0,0,,,,,,,,,,,,,,,,
vii,vii,0,0,,,,,,,,,,,,,,,,,,,,
night,night,0,0,,,,,,,,,,,,,,,,,,,,
blur,blur,blur,blur,night,night,0,0,0,0,0,0,,,,,,,,,,,,
emboss,emboss,0,0,,,,,,,,,,,,,,,,,,,,
blur,0,,,,,,,,,,,,,,,,,,,,,,
vii,vii,0,0,,,,,,,,,,,,,,,,,,,,
onnx,0,,,,,,,,,,,,,,,,,,,,,,
onnx,onnx,0,0,,,,,,,,,,,,,,,,,,,,
blur,blur,blur,blur,0,0,0,0,,,,,,,,,,,,,,,,
vii,vii,vii,vii,0,0,0,0,,,,,,,,,,,,,,,,
night,night,0,0,,,,,,,,,,,,,,,,,,,,
muse,muse,0,0,,,,,,,,,,,,,,,,,,,,
wave,wave,wave,wave,0,0,0,0,,,,,,,,,,,,,,,,
emboss,emboss,emboss,emboss,0,0,0,0,,,,,,,,,,,,,,,,
blur,blur,blur,blur,0,0,0,0,,,,,,,,,,,,,,,,
onnx,0,,,,,,,,,,,,,,,,,,,,,,
vii,vii,vii,vii,0,0,0,0,,,,,,,,,,,,,,,,
blur,0,,,,,,,,,,,,,,,,,,,,,,
night,night,0,0,,,,,,,,,,,,,,,,,,,,
blur,blur,0,0,,,,,,,,,,,,,,,,,,,,
muse,muse,0,0,,,,,,,,,,,,,,,,,,,,
night,night,blur,0,0,0,,,,,,,,,,,,,,,,,,
muse,muse,0,0,,,,,,,,,,,,,,,,,,,,
emboss,emboss,emboss,emboss,0,0,0,0,,,,,,,,,,,,,,,,
night,night,0,0,,,,,,,,,,,,,,,,,,,,
blur,blur,blur,blur,0,0,0,0,,,,,,,,,,,,,,,,
vii,vii,0,0,,,,,,,,,,,,,,,,,,,,
vii,vii,0,0,,,,,,,,,,,,,,,,,,,,
wave,wave,wave,wave,0,0,0,0,,,,,,,,,,,,,,,,
night,night,0,0,,,,,,,,,,,,,,,,,,,,
vii,vii,0,0,,,,,,,,,,,,,,,,,,,,
muse,muse,0,0,,,,,,,,,,,,,,,,,,,,
emboss,emboss,0,0,,,,,,,,,,,,,,,,,,,,
onnx,onnx,0,0,,,,,,,,,,,,,,,,,,,,
muse,muse,0,0,,,,,,,,,,,,,,,,,,,,
wave,wave,wave,wave,0,0,0,0,,,,,,,,,,,,,,,,
wave,wave,wave,wave,0,0,0,0,,,,,,,,,,,,,,,,
muse,muse,0,0,,,,,,,,,,,,,,,,,,,,
blur,blur,0,0,,,,,,,,,,,,,,,,,,,,
vii,vii,0,0,,,,,,,,,,,,,,,,,,,,
blur,blur,blur,blur,0,0,0,0,,,,,,,,,,,,,,,,
blur,blur,blur,blur,0,0,0,0,,,,,,,,,,,,,,,,
onnx,onnx,onnx,onnx,0,0,0,0,,,,,,,,,,,,,,,,
emboss,emboss,emboss,emboss,0,0,0,0,,,,,,,,,,,,,,,,
muse,muse,0,0,,,,,,,,,,,,,,,,,,,,
onnx,onnx,0,0,,,,,,,,,,,,,,,,,,,,
onnx,onnx,onnx,onnx,0,0,0,0,,,,,,,,,,,,,,,,
emboss,emboss,emboss,emboss,0,0,0,0,,,,,,,,,,,,,,,,
emboss,emboss,emboss,emboss,0,0,0,0,,,,,,,,,,,,,,,,
wave,wave,wave,wave,onnx,onnx,0,0,0,0,0,0,,,,,,,,,,,,
onnx,onnx,0,0,,,,,,,,,,,,,,,,,,,,
vii,vii,0,0,,,,,,,,,,,,,,,,,,,,
